monthly_revenue,pending_invoices,avg_payment_delay,monthly_expenses,payroll_ratio,cash_reserve,vendor_due_amount,cash_flow_risk
52531.95,51953.56,31.89,27027.68,0.81,8046.18,49445.92,High
22141.36,36134.58,53.01,42445.52,0.75,6139.1,31305.36,High
115020.72,10664.85,3.91,49272.57,0.24,77079.54,9277.53,Low
145553.54,17887.27,11.5,65008.44,0.2,91368.83,5503.82,Low
139102.85,11760.28,10.11,72619.22,0.21,91661.11,4234.59,Low
58159.92,18403.1,13.87,56369.22,0.52,33998.21,31078.38,Medium
36171.24,60473.45,47.97,44084.92,0.57,9171.93,62816.85,High
77819.2,32136.54,20.48,44890.81,0.34,17486.07,17641.46,Medium
44049.62,46514.7,35.74,34119.52,0.55,725.7,64687.57,High
135492.68,13501.55,4.83,73149.14,0.26,89340.67,12309.01,Low
72145.73,26166.69,19.14,39031.54,0.25,31740.11,16200.36,Medium
39612.72,47904.22,34.91,42223.51,0.62,6970.7,48155.23,High
74215.14,31382.75,20.05,52896.47,0.49,21187.59,28605.86,Medium
31873.23,65426.99,40.74,51811.5,0.52,1402.39,35781.76,High
127227.91,10092.09,4.86,67942.65,0.3,80573.57,4192.01,Low
36829.94,58325.88,33.99,42524.57,0.83,7109.76,43517.77,High
27257.96,49708.56,32.23,50918.41,0.65,5574.35,45849.73,High
86229.77,35852.67,20.45,55552.95,0.39,18113.95,21126.8,Medium
134350.85,0.0,3.25,58940.52,0.24,94329.51,7706.25,Low
112298.35,9221.61,6.19,57963.26,0.21,51801.13,5871.68,Low
20208.04,60208.63,40.64,30195.4,0.6,532.15,48070.03,High
36934.49,30724.92,38.54,48469.05,0.71,2410.43,46661.41,High
36580.94,54916.22,44.83,47105.35,0.56,6454.2,36638.05,High
20288.74,66703.05,45.41,38896.03,0.48,8457.05,45061.31,High
32521.2,55612.28,35.92,50259.24,0.63,5286.39,45093.95,High
114611.86,2759.93,7.58,55346.9,0.25,66661.39,9566.75,Low
24366.46,46755.54,32.91,32615.33,0.59,2330.47,54156.54,High
44481.43,69168.77,39.39,38089.75,0.69,2262.24,50239.99,High
28718.51,51412.49,48.45,26306.1,0.77,9072.86,30097.52,High
48680.94,62182.65,51.0,51559.36,0.66,8214.43,44379.11,High
13954.17,40125.73,41.88,47568.75,0.61,276.97,46756.74,High
70510.41,34168.24,18.34,49232.22,0.47,33327.63,24090.46,Medium
47497.1,52320.88,31.97,29960.86,0.67,357.29,46214.79,High
30861.05,49520.88,38.53,28379.57,0.68,3278.54,42832.68,High
166293.17,11539.01,1.44,65131.06,0.23,109312.36,4849.58,Low
108725.51,8930.06,5.51,57918.83,0.22,77614.32,13389.08,Low
139431.42,6499.4,2.48,62392.47,0.25,79037.18,9254.62,Low
141168.49,17827.62,4.34,71009.6,0.31,103671.77,9332.59,Low
31123.7,41224.95,25.0,53377.77,0.62,9573.92,39537.36,High
121740.94,11178.07,0.33,43848.68,0.28,101962.66,10325.47,Low
35780.07,62719.4,39.06,47308.67,0.8,7747.47,57167.23,High
118889.05,7179.61,7.2,60979.83,0.17,74112.93,8878.15,Low
34634.2,58441.91,32.24,36540.38,0.79,8074.32,36783.19,High
64422.13,20226.97,17.62,52717.11,0.37,36122.04,19930.91,Medium
38429.26,64270.72,34.42,43739.47,0.64,9399.33,63486.63,High
119619.68,17102.52,3.27,70005.82,0.31,98269.39,6218.57,Low
111975.59,8061.49,4.52,43375.08,0.33,75382.87,13859.78,Low
115956.15,5526.96,6.42,68950.38,0.29,71756.9,7999.06,Low
63132.27,36480.7,14.05,38226.33,0.47,19948.78,24870.23,Medium
94650.67,7642.58,22.04,28667.41,0.46,24468.41,19969.36,Medium
75272.2,23901.51,26.63,49766.13,0.28,26182.05,21155.91,Medium
53839.36,27397.18,15.01,45246.12,0.4,22151.26,18935.05,Medium
5000.0,25179.49,34.96,58170.45,0.65,0.0,43213.19,High
26753.88,33914.14,55.79,36859.11,0.57,4845.47,21442.97,High
42398.83,16842.44,17.6,40401.03,0.41,27729.73,18316.99,Medium
68744.23,22256.97,19.26,55188.37,0.38,32013.71,16701.26,Medium
84739.2,6980.07,9.14,72269.33,0.26,111326.64,11591.74,Low
119840.55,11041.91,3.34,68004.1,0.25,102745.91,7018.95,Low
133639.06,11335.25,1.8,38481.85,0.29,87231.0,7838.29,Low
94221.68,23998.6,21.22,44781.52,0.35,29171.6,17796.78,Medium
64913.17,24552.64,20.62,60754.09,0.59,33719.24,22294.6,Medium
73491.8,30999.2,12.65,51337.73,0.34,25394.63,18182.69,Medium
107068.54,17516.99,0.74,67250.96,0.23,78159.37,12590.59,Low
140070.66,4959.57,8.48,65159.39,0.24,89767.04,8055.2,Low
76302.87,11034.34,8.43,69804.69,0.54,34697.03,11397.62,Medium
102774.32,6590.08,5.55,67083.04,0.32,76816.87,6394.05,Low
115646.38,9065.64,4.92,55169.39,0.23,78248.51,4454.38,Low
62107.94,31124.13,49.23,37637.37,0.52,2081.52,51731.34,High
35150.28,53520.22,36.8,39275.73,0.55,1529.01,51314.19,High
115530.74,3889.36,2.03,48209.6,0.14,85025.87,5659.4,Low
145553.3,11110.67,5.08,62671.27,0.28,78791.0,9596.02,Low
89440.95,23007.43,20.66,57010.84,0.47,14169.96,20192.86,Medium
73857.98,13127.55,17.43,37046.09,0.44,29044.46,25340.35,Medium
107546.01,1695.2,0.0,73404.5,0.32,82721.4,7135.88,Low
62131.49,28952.51,25.03,68918.08,0.5,21804.28,17519.46,Medium
30263.55,36203.51,39.0,29549.49,0.71,3040.59,55654.25,High
72240.45,32921.33,21.52,44568.56,0.35,30796.73,16729.48,Medium
55515.03,10185.26,20.48,52768.91,0.48,44937.47,17788.28,Medium
120705.27,16645.76,1.33,62855.54,0.29,70871.15,13691.87,Low
80072.97,10750.73,23.48,46767.4,0.34,19970.64,15305.88,Medium
51053.56,43652.02,37.39,54663.3,0.65,7460.43,25231.78,High
114166.13,5478.42,1.93,48803.83,0.23,63036.67,8103.32,Low
104149.59,795.63,3.86,58955.51,0.26,86222.98,8037.5,Low
55099.62,17122.76,8.0,63355.87,0.46,22225.83,18307.25,Medium
68144.07,34023.27,13.63,52353.54,0.43,20768.43,11113.13,Medium
147124.8,7959.62,1.64,57186.72,0.22,73878.49,8964.78,Low
59213.36,18769.3,22.69,61020.22,0.41,26844.89,20350.7,Medium
66060.11,17795.28,20.24,52868.85,0.28,20595.3,7805.88,Medium
59616.25,26870.78,15.33,45187.81,0.4,21909.42,8350.59,Medium
84404.57,27802.96,15.76,66566.88,0.47,18484.81,20126.56,Medium
33725.93,43890.87,34.57,34378.67,0.75,8806.14,47007.39,High
106933.42,6223.09,2.69,65010.94,0.18,62734.79,5800.53,Low
107995.66,8762.41,6.18,59629.63,0.19,76377.54,8402.89,Low
33901.36,54665.83,45.0,32233.8,0.49,1648.02,56983.69,High
31156.13,45699.16,49.32,54304.6,0.56,2040.68,42236.65,High
142391.5,13802.07,3.69,64070.52,0.28,82997.16,12159.05,Low
100701.53,7205.39,11.17,34697.12,0.28,78256.56,8757.71,Low
91962.98,16727.1,1.57,53318.56,0.24,101156.89,6925.91,Low
35385.55,49504.88,39.09,49985.67,0.68,5806.33,39868.73,High
143588.8,16910.79,3.9,59116.37,0.25,87624.03,13917.63,Low
38768.52,12241.95,26.18,63941.81,0.37,44987.44,16669.9,Medium
67627.69,29466.69,17.81,61051.45,0.39,11868.96,22764.95,Medium
31095.91,72224.48,27.76,30876.73,0.5,4795.39,34476.71,High
31910.4,57950.43,28.33,39340.8,0.79,8448.46,50990.9,High
116193.23,13204.21,8.63,51181.25,0.24,61373.59,7855.73,Low
90429.56,0.0,4.48,53977.88,0.21,116400.75,10143.83,Low
139510.9,7895.08,3.89,57288.76,0.26,93864.05,6812.96,Low
34427.3,51704.53,47.02,28006.58,0.64,5844.05,43312.15,High
91505.04,12852.99,11.43,50405.61,0.18,75297.05,11461.7,Low
58909.43,32955.58,14.96,60179.58,0.52,23626.61,11916.48,Medium
100889.19,12127.29,3.88,46203.82,0.34,99085.3,190.59,Low
39746.33,61550.03,40.53,50836.07,0.51,4471.6,46822.8,High
67277.45,12655.05,16.57,54840.34,0.45,28982.31,14466.87,Medium
124329.17,5108.14,0.89,56506.83,0.29,105275.21,1922.58,Low
131737.14,17965.93,9.9,78732.98,0.25,86146.44,7581.81,Low
133721.03,11886.06,1.69,57139.96,0.25,83220.7,12153.6,Low
64034.8,26235.95,21.14,52675.54,0.32,32658.44,19985.79,Medium
115092.24,0.0,6.78,68406.2,0.24,88284.5,7710.13,Low
126030.95,10646.11,6.09,91931.08,0.22,90025.11,8754.42,Low
35530.59,54756.4,43.52,35003.99,0.64,0.0,52700.5,High
78297.24,28365.6,16.89,56610.0,0.36,23175.95,11585.78,Medium
16642.31,43410.09,47.17,62456.55,0.72,2665.07,36406.01,High
17058.56,46182.1,44.91,30814.77,0.74,5139.91,35455.61,High
105030.27,11395.11,7.78,54573.26,0.26,107729.13,7558.92,Low
146142.86,18345.11,9.13,74122.21,0.25,76729.31,1618.32,Low
42267.94,50021.54,35.37,23195.64,0.64,1264.55,33959.74,High
25217.45,44597.58,57.52,39241.6,0.69,2131.59,43257.33,High
57804.78,31076.12,21.36,58269.06,0.34,23737.3,21783.36,Medium
37812.3,68910.51,44.9,44047.98,0.76,9673.72,60161.16,High
106005.49,10982.61,4.37,65211.22,0.27,72065.33,8470.08,Low
28568.17,57193.41,50.71,50848.43,0.54,5563.83,50156.61,High
121835.22,2607.07,9.5,52654.08,0.24,84209.55,8702.07,Low
42074.58,41992.0,50.22,28275.9,0.63,10544.12,56971.79,High
32356.44,64510.77,50.13,58010.74,0.67,9300.88,34918.93,High
89679.76,19362.17,16.5,52363.97,0.38,12931.55,12074.65,Medium
108754.25,13776.96,5.59,58782.52,0.24,84918.19,11115.14,Low
150462.48,4991.9,9.63,63514.48,0.19,65721.22,9534.5,Low
126218.15,6884.3,1.49,53537.73,0.3,71775.97,6441.81,Low
75409.72,15446.48,13.76,74193.65,0.33,22135.36,22392.58,Medium
100369.83,13109.05,8.64,52575.29,0.2,72632.69,5251.18,Low
35334.43,42836.08,36.72,44017.39,0.47,4094.6,42341.72,High
91282.76,7187.67,6.83,76950.51,0.23,68801.32,5381.12,Low
47744.4,43872.7,35.24,55286.46,0.6,6811.34,35468.42,High
123729.09,14913.45,3.34,49321.97,0.2,85135.07,4235.23,Low
50597.39,23205.45,23.97,82896.08,0.36,22335.7,20621.23,Medium
37239.27,51861.86,41.94,42848.65,0.76,6155.64,39331.87,High
83082.96,5904.56,17.05,32841.12,0.56,3299.1,23124.14,Medium
17223.19,51462.13,35.97,37483.59,0.76,8968.11,41945.01,High
103635.59,21494.49,4.79,57751.44,0.27,79266.54,3353.12,Low
54361.33,34275.05,9.55,67322.74,0.46,32358.97,20347.18,Medium
23081.25,20000.0,35.49,25967.83,0.61,6667.23,41387.7,High
26561.46,61934.7,33.59,48381.87,0.62,5019.65,45551.71,High
64042.07,27585.48,25.64,73185.34,0.5,25300.6,13603.81,Medium
31769.58,62363.0,44.83,38366.88,0.79,3540.11,36806.58,High
67030.93,18750.75,11.06,42616.4,0.51,33572.13,17964.13,Medium
40397.65,57208.8,39.74,48428.55,0.65,3437.32,50069.16,High
30163.41,58996.95,35.65,53209.37,0.54,5561.32,62699.13,High
136543.66,6110.92,4.16,56776.8,0.35,50560.61,5742.69,Low
126454.37,7238.88,0.56,62886.94,0.16,97695.88,9374.5,Low
113977.93,17207.84,4.88,55429.04,0.26,75372.76,8672.65,Low
151023.04,13039.48,5.17,52122.16,0.28,77366.54,10522.2,Low
110579.23,10832.26,7.85,61598.56,0.14,83251.63,5105.88,Low
38104.73,62191.25,30.86,38760.91,0.61,1433.18,47454.99,High
40740.42,36497.77,49.32,44141.69,0.61,6109.78,44214.12,High
111587.09,5389.17,0.0,73748.76,0.2,89295.67,10566.67,Low
123491.56,3776.73,1.84,76246.78,0.28,46916.51,9717.17,Low
43085.71,56966.81,34.21,37550.54,0.68,2687.56,37262.19,High
45500.49,31693.14,36.61,47269.81,0.64,6667.48,38289.85,High
60876.6,20359.87,14.72,31392.1,0.53,15337.92,21170.46,Medium
103205.56,22634.66,7.03,69648.52,0.2,46426.53,14495.17,Low
95994.07,12588.3,3.05,50726.47,0.33,42056.6,7481.59,Low
20929.13,53056.77,41.33,45454.14,0.6,4027.47,39168.34,High
87709.61,18092.05,13.21,49914.88,0.48,16087.35,27363.64,Medium
85977.58,26949.26,13.04,51030.7,0.42,20581.91,27146.54,Medium
121993.03,10278.62,4.81,60678.56,0.29,73354.34,8218.04,Low
137048.67,15071.85,9.89,77106.13,0.28,92809.64,10813.75,Low
45612.56,68060.74,32.89,41880.03,0.65,3648.9,42187.96,High
72680.42,18229.12,25.36,52592.33,0.34,11166.54,24291.05,Medium
87871.07,5165.12,10.18,53732.83,0.35,90987.38,6916.07,Low
5000.0,43336.57,46.38,21859.37,0.74,1065.37,32261.63,High
129242.07,2148.88,5.43,46799.77,0.2,75726.87,12066.33,Low
98805.51,38429.4,17.97,56013.6,0.55,34770.36,18380.29,Medium
141076.04,2957.69,6.63,71097.0,0.19,95355.64,11836.6,Low
119730.06,9669.6,6.2,63231.68,0.27,88332.69,9360.53,Low
16907.32,52811.11,36.06,44674.75,0.54,8325.33,65604.23,High
71465.06,28067.48,13.98,57261.71,0.35,29862.72,7358.67,Medium
65195.53,33614.79,33.56,47179.9,0.32,34455.12,16835.67,Medium
108012.15,7345.66,3.54,76155.83,0.2,48189.5,11571.65,Low
46799.42,67804.93,33.64,54146.67,0.8,0.0,49592.04,High
25995.52,42192.12,44.67,37005.49,0.71,2515.46,52811.75,High
57769.37,21893.22,15.17,59013.26,0.31,14307.45,21522.42,Medium
67568.14,13538.63,26.05,36849.65,0.35,13622.16,30833.45,Medium
42075.92,63987.14,53.3,28338.02,0.69,397.63,31858.0,High
46782.53,49294.01,38.72,31185.87,0.57,0.0,46386.35,High
88453.33,26785.22,16.97,47401.22,0.48,23973.89,25788.62,Medium
103586.35,7282.88,0.06,53921.78,0.31,65774.78,5916.2,Low
58948.45,32009.35,13.88,68422.6,0.35,26455.92,14656.59,Medium
126145.99,13407.5,4.13,52039.74,0.32,53212.0,5163.48,Low
40466.15,33283.55,19.47,41394.04,0.34,7357.65,5690.57,Medium
132457.0,10232.18,2.73,64477.17,0.32,91258.69,403.26,Low
100229.13,25859.55,16.53,51079.92,0.45,29245.46,19649.42,Medium
58136.51,26944.99,16.73,57419.83,0.44,33502.83,9790.0,Medium
161214.96,15368.16,6.61,40207.0,0.3,69217.51,6177.94,Low
117753.44,9551.32,3.26,65556.04,0.29,98346.25,8525.86,Low
56216.31,56516.39,45.06,55801.39,0.69,429.21,34168.12,High
58411.47,29001.14,11.0,54279.55,0.6,29222.71,12193.34,Medium
124281.87,4594.68,3.2,68712.97,0.35,79410.39,14844.96,Low
69029.67,23596.97,22.11,61596.2,0.31,27699.86,25616.34,Medium
149507.12,7222.61,0.0,77753.11,0.28,92500.01,6977.28,Low
59140.15,29731.54,18.65,33315.5,0.4,9144.28,16291.04,Medium
96075.87,8369.88,0.0,68840.45,0.24,83830.76,6412.0,Low
41036.46,46520.22,33.73,53936.12,0.53,196.46,48564.13,High
70264.2,28948.48,19.25,45176.74,0.39,26117.23,22481.7,Medium
52649.14,26334.93,33.63,56152.05,0.47,3297.66,41816.99,High
118809.49,10610.05,5.23,67421.27,0.27,67935.26,8138.01,Low
124899.33,4386.39,6.31,54512.75,0.27,102154.02,4920.89,Low
46067.1,47935.5,26.78,38904.9,0.68,4026.14,58161.76,High
73961.58,6594.74,3.17,30596.11,0.37,78970.49,7757.36,Low
37418.02,52612.62,48.25,49065.05,0.7,11496.56,47000.34,High
121164.17,14620.14,5.67,65139.08,0.22,89331.05,6883.04,Low
51875.48,52921.7,25.21,40691.99,0.72,8469.74,33024.68,High
78224.79,9403.51,16.12,31288.44,0.27,36807.03,35363.02,Medium
72520.9,30589.51,20.07,62853.17,0.3,32431.46,11045.23,Medium
65537.77,29576.05,15.02,40852.92,0.42,29611.61,19201.98,Medium
110292.73,8181.94,2.49,67094.52,0.35,71114.66,5794.09,Low
130080.93,17218.82,12.81,53462.34,0.21,102815.09,6318.18,Low
107965.87,13192.96,4.23,61408.86,0.29,87104.48,535.02,Low
103215.65,7561.97,4.92,69135.85,0.23,40463.78,6333.36,Low
58674.14,53992.63,44.98,40881.53,0.5,1859.23,41890.29,High
38141.29,55703.1,28.33,46289.68,0.69,1716.52,43646.66,High
25608.44,29347.07,40.72,42182.52,0.61,5310.15,44475.26,High
96334.83,7224.0,5.92,47704.5,0.28,93037.32,9399.64,Low
60669.48,14012.78,17.6,90227.89,0.38,29166.05,17005.17,Medium
38097.27,61343.74,48.68,44521.95,0.61,4349.52,47262.38,High
42769.32,23097.01,44.56,38943.68,0.53,7972.13,37289.58,High
44677.94,54105.27,31.36,28709.92,0.69,6082.27,27281.03,High
24820.89,67582.53,42.66,34585.02,0.63,4284.18,38265.86,High
32429.48,82523.98,47.31,44071.39,0.7,6255.54,56615.03,High
47863.82,29938.86,46.31,35631.18,0.52,4569.26,46464.14,High
47371.81,61709.88,33.71,45327.6,0.61,4405.78,41596.6,High
49407.11,20138.83,15.73,38432.82,0.39,24084.22,5729.41,Medium
32942.33,35300.0,47.41,47274.81,0.71,6550.48,49337.5,High
55479.31,8492.77,24.75,50833.76,0.32,26112.23,16531.32,Medium
115308.26,11886.5,6.04,52719.97,0.29,72621.46,9739.57,Low
68448.53,15790.77,20.5,63772.01,0.53,29020.0,29242.65,Medium
42524.77,37788.3,17.73,70456.91,0.41,9275.55,20117.6,Medium
26778.34,39301.48,36.99,38562.43,0.68,5805.24,53878.04,High
33315.8,54011.92,42.1,41325.53,0.71,1918.24,51400.27,High
30853.69,41584.53,46.06,46235.08,0.55,5851.73,60089.19,High
60508.67,38249.67,20.13,56173.93,0.45,13359.56,22640.36,Medium
23727.36,45159.44,40.48,44118.79,0.76,6325.28,42448.13,High
148825.47,13538.76,8.27,60436.02,0.27,76912.11,7353.0,Low
39119.53,44625.47,39.87,49195.99,0.66,9003.52,24982.94,High
57485.15,17953.97,14.66,51715.25,0.45,34374.48,22241.2,Medium
39607.97,59539.08,28.46,35161.51,0.69,7349.47,42407.78,High
77593.61,21310.64,24.89,52800.39,0.55,33297.45,21925.99,Medium
129959.97,6008.51,10.14,57850.79,0.22,86875.8,4414.12,Low
88593.76,34116.44,15.7,56014.22,0.51,27114.04,14719.93,Medium
41655.26,28341.45,23.6,57993.01,0.52,21136.13,19535.03,Medium
33840.03,57702.73,63.94,50596.31,0.64,8822.82,50010.9,High
40896.39,27523.93,45.02,19970.87,0.63,6505.7,33306.85,High
79497.15,11280.15,10.03,49463.18,0.25,74972.93,11022.33,Low
55399.32,29763.93,16.61,65669.85,0.45,15853.29,16974.21,Medium
70739.62,31744.84,17.38,68082.2,0.42,23653.6,22993.3,Medium
50027.34,38703.16,33.19,40528.07,0.48,0.0,46973.13,High
21605.11,57954.09,39.82,58639.86,0.76,5681.09,43979.44,High
86025.69,16211.04,14.93,33150.88,0.38,30962.89,18705.28,Medium
130300.95,0.0,0.79,58673.66,0.23,74728.79,10701.2,Low
42318.98,41182.27,25.0,40551.33,0.86,6215.11,54177.68,High
75694.59,32542.31,21.02,58737.89,0.51,13529.55,11152.98,Medium
116801.23,15945.08,7.28,69191.54,0.18,83308.12,8231.47,Low
126625.27,11972.26,6.63,74926.89,0.26,84917.32,4393.55,Low
132207.41,7688.62,2.73,44862.86,0.26,64939.18,4922.74,Low
30160.67,59666.9,57.68,43848.27,0.59,3157.89,34490.59,High
49423.85,33200.87,17.29,48263.94,0.25,23679.36,14894.7,Medium
35118.8,58559.2,53.75,29047.41,0.8,2427.67,53949.3,High
35397.14,57299.21,33.87,38336.58,0.74,2883.39,40775.04,High
46546.94,39468.59,42.75,33258.01,0.74,1774.69,38113.06,High
120251.85,11672.28,2.2,71267.05,0.16,66699.79,8533.25,Low
32689.4,39368.35,32.88,43325.98,0.72,3845.62,25088.6,High
33956.42,33092.97,56.62,27999.29,0.79,6844.88,55304.39,High
39562.49,48073.28,46.65,46001.7,0.75,7467.72,47387.38,High
37451.14,45150.11,25.0,44928.29,0.66,8808.84,36061.84,High
67894.37,25884.28,20.89,83580.56,0.39,15703.47,18503.78,Medium
106967.99,1487.08,12.74,56968.2,0.29,66802.78,13734.26,Low
87921.44,21361.64,17.92,36010.86,0.45,29415.71,11367.68,Medium
102322.85,11630.67,4.94,49996.69,0.27,96226.5,10138.14,Low
59523.7,34422.75,42.15,56617.17,0.62,3346.65,44671.26,High
127142.25,7923.56,3.95,71486.37,0.28,85837.39,8421.08,Low
27278.08,63351.61,50.82,37761.66,0.71,7911.47,40784.18,High
85107.0,20280.84,24.46,41538.99,0.4,25699.79,16353.06,Medium
46677.42,68239.42,41.46,38440.65,0.68,6820.83,34028.56,High
119469.72,9722.08,5.65,44368.09,0.24,62934.71,7150.58,Low
24452.96,62480.69,59.68,38566.65,0.61,6199.99,46183.5,High
67745.19,41745.58,19.4,47307.02,0.32,25907.65,27211.59,Medium
53147.59,29427.11,17.26,55441.39,0.45,22339.36,15969.68,Medium
54761.82,18659.81,21.7,58345.6,0.37,20313.66,27384.22,Medium
28433.76,49636.84,38.44,37448.28,0.72,4094.8,49007.37,High
41865.68,63244.64,43.74,31113.07,0.72,8370.28,45342.05,High
59948.27,18899.85,17.69,57380.72,0.37,21067.5,24495.7,Medium
77522.09,7552.8,11.47,47656.51,0.27,70897.02,8637.72,Low
69264.56,24821.6,16.91,74486.62,0.32,31561.86,16900.31,Medium
35017.83,60896.27,35.56,23867.07,0.69,504.09,38157.58,High
48140.75,40308.19,25.95,44187.18,0.76,3502.26,38286.92,High
99879.65,7772.49,5.19,61686.55,0.25,79213.93,11311.63,Low
150654.78,2421.28,6.74,68108.08,0.18,87258.15,2937.97,Low
39610.78,45774.95,32.12,35858.56,0.77,0.0,54622.11,High
38225.05,25406.31,40.66,37542.43,0.58,4544.15,44168.66,High
90283.04,5000.0,15.58,48928.41,0.44,26033.5,20194.38,Medium
121516.09,4979.3,4.36,69531.37,0.17,103443.33,12769.52,Low
84825.21,9671.25,4.17,79583.47,0.23,94781.75,11303.97,Low
26461.77,42425.11,38.61,43311.19,0.65,619.09,40214.46,High
147372.63,2384.07,0.0,50806.15,0.28,83783.61,11191.82,Low
46857.98,19118.39,23.48,56795.18,0.36,18470.76,16453.89,Medium
36633.6,20000.0,25.0,47817.23,0.7,6907.18,63642.0,High
67746.36,27455.85,23.53,32763.78,0.53,15318.71,14616.48,Medium
85860.52,5588.86,20.63,47904.58,0.34,32660.3,22798.59,Medium
100631.14,36395.97,24.4,46135.63,0.39,14238.32,22952.09,Medium
89612.6,5253.01,8.68,65112.03,0.19,78890.79,9102.86,Low
41751.37,67363.33,40.34,41039.99,0.77,5309.35,43863.43,High
68688.47,27096.53,23.31,50410.57,0.48,14724.9,13469.53,Medium
41868.58,60827.26,29.39,45271.71,0.64,7975.78,74141.09,High
67867.8,32891.01,13.72,45806.55,0.28,23704.36,22314.5,Medium
59353.17,26535.18,18.38,60133.77,0.32,24090.67,16609.64,Medium
70520.71,19959.8,14.3,53451.59,0.25,18515.77,14538.05,Medium
25903.1,49505.02,48.06,30370.61,0.73,6175.64,39680.68,High
138308.04,7703.2,8.09,61764.42,0.22,60211.29,7830.23,Low
34895.35,64053.22,47.55,45927.68,0.68,5680.8,48975.28,High
95044.34,6484.12,0.76,51567.53,0.31,92305.16,13823.65,Low
131766.34,12295.9,6.52,52478.44,0.24,60558.25,7365.0,Low
31879.28,72671.35,29.4,50264.22,0.68,5731.67,51121.72,High
58000.89,27594.72,15.15,56234.3,0.31,12278.87,12533.08,Medium
29997.39,76518.27,45.93,43016.3,0.53,8903.31,42393.92,High
78521.55,13844.04,19.95,49212.24,0.44,23047.77,29361.53,Medium
101437.65,18524.95,21.71,63588.81,0.41,13585.39,15885.95,Medium
42851.85,70708.33,39.74,67054.49,0.73,4196.7,38215.05,High
82654.7,1449.16,5.93,57404.53,0.22,72413.8,10272.49,Low
169264.84,4372.55,6.49,59221.63,0.2,79902.18,4371.57,Low
52854.71,21126.61,20.4,50024.48,0.37,21948.08,22214.1,Medium
51656.57,9706.88,21.92,42168.95,0.45,26071.67,10739.29,Medium
125533.82,2962.44,2.74,76153.76,0.21,64871.68,4993.35,Low
93916.64,32653.63,14.81,83732.34,0.62,25554.7,24921.79,Medium
40587.24,43256.84,42.87,19442.09,0.54,1753.95,48589.18,High
46870.78,47425.55,52.8,44074.89,0.78,1920.94,44220.77,High
15650.36,39228.09,39.69,27786.5,0.73,0.0,50629.11,High
117280.85,18238.77,19.43,55993.27,0.58,17911.68,18338.66,Medium
80958.24,15403.9,1.01,45424.49,0.27,74721.18,12510.26,Low
94804.26,25259.26,17.82,51356.49,0.36,6588.23,15164.05,Medium
163063.65,9834.37,9.41,73103.09,0.31,79534.12,2952.02,Low
39501.56,62379.85,45.15,65456.24,0.8,5371.72,47725.18,High
157045.56,1692.4,0.0,42315.61,0.2,66104.28,6025.25,Low
46482.11,26450.01,22.2,59213.99,0.45,33160.29,26941.0,Medium
131417.81,11055.09,1.27,71070.81,0.19,67723.57,11550.48,Low
35121.7,50142.35,34.97,42812.77,0.78,7013.81,49508.12,High
45826.49,32566.96,25.07,53907.09,0.43,26101.3,15696.91,Medium
82161.98,21283.35,15.9,43255.11,0.4,25230.2,12171.1,Medium
65737.67,9879.92,8.0,47926.57,0.39,18304.16,34192.45,Medium
83312.56,26813.47,25.67,56284.69,0.43,13147.35,21484.88,Medium
83419.71,16681.55,17.47,64802.04,0.41,22247.22,18648.42,Medium
103064.13,13554.8,6.65,62832.88,0.23,91351.83,10678.86,Low
48461.36,22949.27,14.96,56286.04,0.43,32870.82,26435.25,Medium
88742.57,34387.54,18.02,54315.51,0.52,14237.32,28679.38,Medium
45852.22,49951.13,33.97,45849.66,0.68,2225.22,34688.94,High
17607.95,35171.56,29.34,33994.1,0.61,3160.36,50212.3,High
34362.55,37369.43,49.3,52481.17,0.53,4887.31,48050.85,High
68049.1,33575.44,12.91,50232.12,0.25,18487.91,20330.02,Medium
109634.6,21353.46,11.23,60616.8,0.14,98353.53,4648.44,Low
91789.25,16278.33,10.77,48878.07,0.4,16222.85,19118.88,Medium
126872.37,11855.73,9.43,67660.8,0.23,95320.75,9276.47,Low
34608.56,81282.31,25.0,30353.37,0.72,5969.74,47332.85,High
105712.97,10296.09,8.03,57045.99,0.22,92817.88,3106.17,Low
42410.74,45386.13,35.65,47614.73,0.67,7030.98,36453.75,High
38955.99,51072.74,34.13,34295.75,0.63,6122.19,52528.91,High
75335.03,31766.42,10.64,52961.77,0.46,10362.55,28095.07,Medium
34726.16,49814.34,37.69,63482.97,0.64,7201.85,28180.31,High
40472.44,30855.64,21.26,44780.05,0.39,31855.8,24170.99,Medium
41622.63,51997.92,45.88,39667.92,0.65,6163.04,36807.34,High
32745.07,38852.88,37.43,38927.54,0.71,3662.61,56064.57,High
27274.58,23377.16,41.26,32114.71,0.66,5936.19,29833.37,High
174403.38,16357.78,1.69,55683.8,0.25,76048.28,9546.88,Low
43640.7,39738.85,47.65,35368.35,0.7,6775.0,70727.52,High
33823.45,67028.43,40.16,41006.86,0.69,4646.06,31675.5,High
42663.88,57318.56,38.38,38792.16,0.67,5985.93,46235.29,High
50814.54,36973.68,20.17,38116.68,0.3,27687.75,24215.2,Medium
64257.74,15980.03,24.6,36879.51,0.35,43597.59,8212.78,Medium
128034.23,18979.39,2.08,42514.68,0.31,90220.39,3933.66,Low
25352.1,20000.0,52.23,46456.78,0.6,9768.32,50495.74,High
52754.91,55338.75,57.65,40961.88,0.4,8610.73,57914.69,High
91038.31,11445.84,0.0,72657.08,0.23,71167.0,7146.85,Low
37913.79,70938.34,37.7,42030.6,0.68,0.0,54219.36,High
80392.84,38037.14,18.28,53389.84,0.38,23344.12,24604.88,Medium
75446.73,15748.67,16.82,54745.06,0.43,31472.9,23224.87,Medium
32741.93,55329.74,36.89,48569.29,0.75,4362.64,54397.35,High
64056.55,21901.1,12.6,46436.98,0.54,24677.33,21615.09,Medium
43634.37,49305.96,34.93,48792.94,0.65,305.08,39133.05,High
60485.71,25018.3,15.3,65126.07,0.49,20620.74,22743.28,Medium
137315.1,10130.46,1.96,71618.78,0.17,88372.09,11176.19,Low
39704.83,83890.65,38.53,46633.02,0.57,5956.43,46434.06,High
39753.35,61734.47,43.63,29892.57,0.69,5682.22,37067.79,High
73386.42,24521.39,13.03,69293.03,0.43,20196.91,7256.04,Medium
61777.0,20376.63,18.35,60140.1,0.42,13744.18,32546.57,Medium
97507.16,11095.75,6.67,82313.0,0.33,85376.8,6790.77,Low
30716.82,65727.27,42.3,58833.15,0.68,1911.17,55562.88,High
23792.32,32823.74,36.16,38225.77,0.67,4101.35,54247.22,High
130941.95,16278.78,8.26,44188.09,0.28,93730.85,13283.56,Low
72633.04,26409.52,24.87,47562.73,0.53,13492.71,19734.36,Medium
117709.2,16032.54,8.6,65609.19,0.26,75688.29,14814.35,Low
120490.2,9115.26,4.48,48942.95,0.24,70440.38,7767.67,Low
140619.99,11688.01,3.35,57735.21,0.18,66975.61,13204.81,Low
35180.47,46688.58,41.19,56201.85,0.65,2003.54,39722.99,High
42297.73,47418.63,39.99,25127.21,0.63,7963.19,52367.63,High
136508.33,17234.89,9.17,76122.21,0.26,106082.77,14258.14,Low
73363.52,16311.56,19.53,40715.11,0.43,18425.48,16214.92,Medium
118511.08,17480.22,10.74,57476.46,0.28,99123.13,2390.55,Low
67278.26,27595.67,21.61,48833.19,0.46,22875.52,30467.5,Medium
82592.03,27108.41,19.22,54504.49,0.28,16388.95,15782.53,Medium
91692.59,13784.94,7.99,58171.04,0.27,51851.71,5879.32,Low
15659.12,60133.47,47.08,44112.09,0.66,2960.28,43728.01,High
75080.31,19304.21,18.18,41463.25,0.53,28507.3,24215.96,Medium
54723.44,45749.52,38.35,38669.52,0.55,4937.24,50753.57,High
152648.23,9825.06,4.67,81709.43,0.16,79495.81,5365.03,Low
87875.61,39507.26,22.31,53501.36,0.45,37731.2,16082.3,Medium
137992.0,9802.22,7.76,56809.46,0.27,88596.92,13029.18,Low
54230.35,31417.03,15.25,55174.11,0.41,20303.08,15185.42,Medium
63816.69,9505.98,26.74,64067.99,0.46,31273.17,9234.85,Medium
42320.81,44422.79,39.55,46796.25,0.66,4251.03,40340.49,High
77729.41,21040.28,19.2,49697.81,0.43,22817.24,12005.31,Medium
123666.84,11118.94,8.12,57907.78,0.18,69983.31,5106.39,Low
116964.3,14169.61,0.0,56907.91,0.29,68450.06,7009.64,Low
19861.69,67945.5,39.81,46764.3,0.73,1211.11,61165.22,High
82870.21,12432.95,12.06,76691.3,0.41,27329.62,30088.95,Medium
100189.27,5051.98,5.91,55526.78,0.19,101050.55,2271.93,Low
135833.25,7385.7,4.57,74109.32,0.23,79069.94,6232.19,Low
108212.7,11357.89,4.98,58398.67,0.25,73805.03,11830.9,Low
53326.3,24165.26,20.05,68462.34,0.38,14239.88,22347.26,Medium
86046.57,28357.64,15.56,59990.04,0.4,28150.99,18659.16,Medium
78788.56,29327.27,19.34,52536.59,0.55,21498.1,14842.32,Medium
99949.41,7146.27,0.0,53293.8,0.26,72302.05,7503.11,Low
102209.71,16230.43,7.28,57610.68,0.3,69548.42,5162.76,Low
74666.65,31800.63,13.3,58522.45,0.49,18202.23,16529.24,Medium
35993.14,58452.03,54.66,53464.87,0.68,2923.8,42263.72,High
78261.96,34022.24,21.13,44773.3,0.43,17930.25,17933.14,Medium
197054.63,18482.28,10.25,50254.71,0.25,103451.2,9353.68,Low
36423.78,48552.95,41.35,45044.92,0.6,4189.19,59985.46,High
124549.2,8321.08,4.11,60242.19,0.26,107139.6,10540.31,Low
28481.11,66371.91,46.22,48297.4,0.68,5807.92,60668.55,High
44662.25,28163.37,8.0,50067.7,0.46,25864.11,23528.46,Medium
76120.79,24516.77,16.76,82309.91,0.41,40137.53,21543.52,Medium
32168.48,47193.23,45.46,62372.11,0.64,4945.6,47335.95,High
7261.85,69834.96,25.76,35150.13,0.66,6487.3,57473.04,High
91554.93,4208.18,7.8,65130.85,0.29,65599.31,6454.34,Low
101018.6,22921.6,21.82,49716.89,0.42,12947.73,19751.98,Medium
97140.59,9075.49,9.09,61795.82,0.27,99934.0,9311.94,Low
82744.18,29682.4,21.18,28864.39,0.39,31039.67,19419.44,Medium
94131.71,19768.81,23.83,51046.13,0.48,25254.08,34647.33,Medium
51056.2,64118.4,40.27,46458.39,0.8,11469.05,47156.69,High
36568.23,46403.65,36.43,48635.98,0.48,2573.11,56966.27,High
36429.91,60262.42,35.7,51429.39,0.48,3708.72,33955.48,High
110731.65,11352.28,8.95,48583.11,0.17,87227.99,7719.09,Low
93590.87,9728.53,0.68,69857.3,0.21,58916.49,5863.48,Low
95547.59,31758.2,20.59,55161.4,0.56,24741.78,26518.28,Medium
151720.34,11900.99,7.12,44952.8,0.31,61951.99,1542.85,Low
136257.24,10141.59,5.8,70760.07,0.28,74605.55,4539.95,Low
75937.3,12756.31,15.44,38149.13,0.43,18016.09,33179.88,Medium
110139.98,11038.44,12.48,61150.26,0.3,71638.65,536.57,Low
63533.12,26948.24,16.85,58906.93,0.5,27060.81,21204.19,Medium
75042.17,23942.65,20.11,45797.63,0.43,26864.34,9407.67,Medium
19776.66,66189.62,47.57,41908.41,0.47,3293.37,46243.85,High
75200.65,28682.17,22.36,59099.92,0.41,22094.95,22384.38,Medium
27844.87,51731.72,38.5,54561.97,0.66,4654.44,55864.8,High
109930.49,15470.96,5.99,68527.74,0.29,72807.61,6765.52,Low
40975.38,36456.91,41.2,49095.99,0.65,2589.7,47384.99,High
102054.91,5406.74,8.66,62332.16,0.25,66133.01,3362.81,Low
161847.75,8185.81,6.46,53499.97,0.33,58922.15,8773.93,Low
53206.81,27226.79,16.84,57623.91,0.34,32713.25,18108.4,Medium
181577.62,2080.49,2.34,52271.22,0.18,88152.19,11460.77,Low
58648.54,27234.14,26.6,67562.94,0.42,30779.58,28076.6,Medium
150998.69,1725.72,7.89,55963.52,0.22,96073.15,9329.01,Low
74844.62,5000.0,21.45,67581.79,0.34,22430.73,27611.5,Medium
43785.45,26589.44,13.32,52147.8,0.44,33753.44,18163.92,Medium
35582.13,72830.7,32.67,42818.44,0.65,1316.51,42763.33,High
121481.9,7489.73,5.85,44970.3,0.23,102090.06,10667.11,Low
47846.13,26082.71,19.16,54185.54,0.35,35195.43,17268.81,Medium
23190.28,40638.27,43.67,44567.83,0.64,7065.49,38133.95,High
88792.64,26676.27,16.82,49398.89,0.53,46103.05,18412.72,Medium
51131.98,31350.55,17.21,66683.47,0.31,20105.92,14455.62,Medium
96173.93,10990.42,7.95,49934.57,0.31,82577.59,11985.92,Low
44668.07,41301.67,31.8,38244.91,0.52,6009.75,37315.64,High
28740.84,38898.98,46.44,42632.32,0.49,5540.92,36202.83,High
74304.34,25905.12,16.89,56209.49,0.26,18833.45,26936.04,Medium
137153.19,6813.06,6.62,48063.63,0.28,63427.06,9284.95,Low
50008.34,22819.64,24.15,69207.85,0.29,22750.69,17240.84,Medium
30810.37,64323.04,48.22,23843.51,0.55,8735.12,42287.03,High
21922.23,35669.76,52.59,32641.69,0.63,3910.47,55896.3,High
28389.75,39996.82,51.63,33840.9,0.69,7801.43,64074.91,High
79061.81,36364.03,18.98,46530.72,0.4,25748.19,12933.43,Medium
87891.03,21537.81,21.59,64535.2,0.38,37635.5,15680.06,Medium
127706.35,8452.27,6.32,79389.29,0.22,101470.5,2359.97,Low
41882.05,58512.93,41.7,34486.55,0.73,2557.54,61857.02,High
22284.51,58879.33,29.66,37649.23,0.63,3117.38,49575.42,High
85932.35,11219.0,6.47,70857.86,0.23,55407.74,4135.08,Low
37939.49,60195.01,41.2,41512.34,0.51,5371.26,46794.14,High
69474.89,27493.22,24.95,50110.48,0.53,30466.6,15983.38,Medium
125922.41,8650.63,5.24,66191.54,0.28,70899.5,11125.17,Low
71068.81,35489.34,17.06,66475.54,0.51,24239.11,29565.07,Medium
35140.05,65589.8,35.95,53077.21,0.59,6364.11,25866.6,High
157315.49,10069.65,2.94,61684.61,0.23,63620.99,4287.72,Low
121350.37,10970.45,6.52,55279.09,0.18,99438.08,6403.49,Low
134232.3,8461.11,8.98,77325.15,0.29,71969.97,5975.2,Low
32958.7,51982.88,44.36,44775.16,0.74,5309.23,24385.95,High
126225.0,0.0,6.26,69475.26,0.32,67305.26,1683.06,Low
76521.55,24367.46,17.11,55919.31,0.52,28832.03,20872.56,Medium
24435.03,50716.3,47.56,44252.57,0.4,5611.83,48140.23,High
45216.25,33322.64,35.0,36535.92,0.67,2117.66,56864.16,High
26595.07,34244.38,38.14,48937.06,0.64,8081.18,37468.83,High
101202.4,6540.46,6.76,59707.37,0.24,35132.96,5585.1,Low
114706.86,14678.39,2.03,69983.11,0.35,81430.16,10925.94,Low
102031.71,14102.41,6.38,65462.84,0.16,82118.86,3269.01,Low
34844.37,63533.46,25.0,34898.63,0.74,3197.34,37488.33,High
49363.68,70676.9,55.29,41703.11,0.69,7929.52,48861.66,High
52279.64,60322.19,44.55,44779.82,0.62,5964.75,34843.37,High
34071.25,38230.54,34.35,53788.43,0.64,7238.07,47096.86,High
35342.72,44688.93,28.43,53433.62,0.67,5793.45,38850.56,High
76323.19,24113.5,14.6,36013.32,0.36,18582.4,15437.82,Medium
59073.08,41783.51,9.58,37030.64,0.37,39298.77,26183.96,Medium
56721.27,26485.51,14.75,71360.52,0.58,30590.53,13207.11,Medium
55072.77,25201.69,26.02,66664.68,0.28,20160.75,13992.11,Medium
67069.14,30441.76,17.29,51701.86,0.37,13006.55,25391.07,Medium
127140.31,4594.72,5.25,62131.97,0.21,79528.41,4378.94,Low
90647.45,32459.48,19.85,64936.71,0.39,25876.57,20494.65,Medium
45595.66,33004.77,29.41,37741.82,0.65,6592.4,47452.92,High
109404.8,14151.68,4.22,51724.1,0.23,67999.42,2146.69,Low
29681.22,57399.97,52.02,27572.85,0.63,8696.99,54456.33,High
38970.47,54788.53,41.85,35515.31,0.67,10138.13,43533.68,High
57520.68,22095.07,12.12,55495.45,0.37,14773.18,16349.04,Medium
89881.48,24078.21,15.52,36621.58,0.41,24341.97,13015.7,Medium
38143.39,30137.3,42.96,40716.02,0.82,3993.45,40880.77,High
51771.16,57295.37,46.77,25635.97,0.62,4064.64,33609.38,High
34145.43,30441.84,14.36,48507.92,0.3,32213.83,25761.83,Medium
115837.55,12148.09,6.17,41248.28,0.34,88925.44,12255.59,Low
34800.82,41730.66,35.6,24848.2,0.66,4438.83,53549.04,High
47904.61,21452.05,56.97,35657.25,0.63,4397.94,37851.93,High
105631.12,6811.3,0.9,69694.57,0.28,70881.87,10036.79,Low
86114.77,27377.95,11.85,74290.94,0.48,33777.76,18839.43,Medium
32730.58,47454.92,31.54,39769.74,0.71,2846.44,34293.32,High
54531.07,39584.29,41.46,41060.96,0.5,3276.19,49780.38,High
66587.86,25578.23,24.55,55816.87,0.46,19255.48,30445.65,Medium
108927.01,12848.84,8.87,70560.57,0.27,97034.3,8056.46,Low
104653.05,18972.79,4.37,73956.84,0.32,66354.75,4927.91,Low
106456.77,6161.01,9.47,62871.24,0.23,75890.1,9722.21,Low
71551.57,18311.5,10.51,50050.25,0.47,36118.11,22076.7,Medium
37449.57,53406.13,53.13,35510.01,0.49,3622.34,42245.18,High
50262.76,20695.62,20.96,42057.85,0.34,26007.09,28572.56,Medium
43331.79,46782.33,29.97,39365.76,0.73,1642.25,50790.76,High
73436.12,26514.63,22.26,55376.75,0.51,18314.49,28850.67,Medium
132482.4,7899.07,1.37,59014.12,0.28,94271.74,4723.51,Low
126483.33,10411.42,3.17,57888.7,0.22,85906.96,11365.57,Low
30433.02,40448.36,34.23,46966.35,0.7,11916.91,63876.25,High
102761.45,34197.38,21.95,75455.11,0.36,16212.73,11210.15,Medium
124839.25,8805.26,11.23,52831.78,0.21,88233.26,4138.51,Low
103683.79,0.0,5.84,56331.76,0.25,88730.4,9824.74,Low
101461.39,7121.81,6.67,76399.65,0.27,89442.94,7285.67,Low
52239.54,22307.58,16.6,61483.46,0.4,24151.27,16738.36,Medium
24407.88,41510.73,32.1,41806.82,0.56,8582.64,37942.44,High
67534.97,16559.29,20.43,55954.88,0.65,17566.91,29234.85,Medium
136270.34,3550.2,6.79,80625.25,0.19,64512.14,9420.42,Low
69462.62,28146.46,16.84,52759.85,0.53,18111.6,23490.69,Medium
81019.56,22018.6,16.45,61232.3,0.25,16751.8,19989.72,Medium
82423.45,25218.51,20.65,75098.32,0.38,25605.39,22622.76,Medium
51573.34,17267.3,24.01,39846.76,0.39,23531.77,21944.22,Medium
68303.08,32695.9,15.31,53337.85,0.42,46136.1,24111.74,Medium
95382.71,3524.61,7.1,49324.67,0.18,85968.91,7197.08,Low
25277.02,26926.74,37.88,49673.07,0.75,4385.2,52138.77,High
35326.39,55414.71,32.39,31840.05,0.74,11515.41,45647.91,High
110561.36,10854.33,4.44,50645.61,0.22,109438.81,8851.25,Low
81532.6,34302.71,19.55,46022.85,0.31,29792.83,17947.11,Medium
130288.78,20816.27,4.25,61429.43,0.19,98857.24,14140.59,Low
95716.23,17266.92,0.0,64419.41,0.28,105561.58,9425.5,Low
132592.58,10148.78,5.97,60213.12,0.17,84516.61,11411.94,Low
81266.49,21330.89,20.83,79991.92,0.46,30308.36,26441.73,Medium
40009.17,51055.68,51.29,46800.64,0.7,423.01,50043.65,High
85441.86,12657.57,21.26,58718.74,0.62,17928.01,21445.26,Medium
31467.36,29411.5,29.22,39767.28,0.75,0.0,48932.95,High
78064.45,17973.89,14.3,38802.72,0.37,18871.64,8968.89,Medium
26657.29,63998.34,46.34,49798.29,0.61,0.0,50052.61,High
72910.78,23840.76,15.08,36335.52,0.39,28622.05,17181.41,Medium
70767.97,28781.04,20.06,51038.92,0.31,20616.03,11779.84,Medium
25676.29,24558.95,28.77,58976.24,0.78,8055.61,41870.71,High
150460.6,12814.85,3.06,59966.26,0.23,70816.45,13663.06,Low
30786.43,45142.46,30.33,47336.95,0.58,5190.15,57237.94,High
135150.15,19004.7,6.18,58487.27,0.25,71444.73,8395.78,Low
131903.14,17046.74,6.59,60768.52,0.29,92677.37,5287.8,Low
115317.26,7564.37,6.18,55467.72,0.26,67618.84,3993.56,Low
71300.47,29353.76,8.0,48997.63,0.25,5954.09,26984.36,Medium
91998.11,47517.24,17.71,54735.58,0.46,37262.99,15092.65,Medium
12544.14,38145.61,41.22,45070.39,0.68,10022.81,35060.79,High
123937.22,7115.54,8.14,31277.38,0.16,80824.01,7380.17,Low
83191.26,12072.91,8.89,52955.37,0.52,42616.11,9494.15,Medium
130099.75,6875.91,3.25,60700.52,0.35,80652.72,2994.2,Low
104334.93,14115.85,8.57,50448.77,0.26,82859.53,10854.65,Low
100747.18,35808.58,26.18,57979.9,0.4,15932.63,25475.72,Medium
58269.95,14131.41,21.23,40603.3,0.48,24264.25,6694.45,Medium
86362.93,24621.03,8.0,51702.37,0.65,21541.64,20552.33,Medium
30231.24,39842.03,31.6,56548.26,0.72,7629.82,40611.5,High
42642.13,37788.98,42.81,54719.0,0.5,4910.7,51457.98,High
89970.09,19414.4,13.08,56631.09,0.5,27561.73,21470.23,Medium
34046.59,50958.98,43.83,50174.67,0.44,9545.95,48629.96,High
72715.94,37073.05,8.0,47738.13,0.28,36590.56,13406.5,Medium
39391.5,57014.29,35.29,41317.14,0.75,5767.93,63115.56,High
137446.41,7411.94,2.99,54378.32,0.23,65952.4,7160.57,Low
146109.58,15159.22,5.03,57314.69,0.28,107488.36,6915.61,Low
78651.16,13251.01,5.54,62691.27,0.19,89607.2,8422.95,Low
117397.14,15327.4,4.44,50128.2,0.19,51084.91,14960.12,Low
54186.06,51026.16,57.71,48255.85,0.66,1961.94,64006.49,High
66390.02,23332.25,19.32,43981.45,0.43,28489.89,16356.43,Medium
40923.3,61583.92,42.25,57154.14,0.67,4105.54,36445.17,High
132907.52,15975.23,1.87,80740.83,0.17,81376.29,2671.96,Low
107673.35,26558.74,13.17,51744.22,0.47,31835.22,15515.27,Medium
88888.5,34878.02,17.96,53618.68,0.51,25577.23,8958.4,Medium
41379.97,20738.2,17.38,56792.1,0.3,19682.79,22698.96,Medium
37955.12,43950.46,39.74,55690.95,0.61,3488.83,42541.52,High
50551.99,64141.03,25.0,43464.76,0.68,1802.59,17595.74,High
27576.14,60718.26,25.85,38751.42,0.74,3224.37,20232.08,High
98445.1,11737.91,4.56,68080.58,0.22,100122.14,11748.86,Low
85189.56,25363.93,18.41,59324.72,0.45,17851.24,8220.27,Medium
55092.06,25354.87,21.78,51731.08,0.51,23519.22,22649.98,Medium
54255.17,33431.13,8.0,68187.8,0.46,27357.75,8290.38,Medium
47545.19,33209.26,41.23,46058.24,0.8,2463.34,41896.04,High
118559.8,0.0,1.12,60669.91,0.13,65062.77,13264.8,Low
156629.18,15846.48,5.41,58903.9,0.22,83230.95,7773.0,Low
54006.48,22555.05,22.16,72736.86,0.42,35693.26,9241.54,Medium
58380.78,25010.61,29.96,50386.52,0.39,35567.97,19652.3,Medium
142711.31,9516.43,2.92,58796.19,0.28,102985.52,4465.88,Low
30969.34,39925.67,33.9,43263.13,0.77,5405.53,57120.91,High
65099.56,12904.93,19.46,62908.65,0.37,26486.7,20052.73,Medium
80184.2,29135.57,19.08,81221.14,0.34,31900.35,14294.28,Medium
43433.97,8825.61,8.0,50082.39,0.44,21773.7,13418.75,Medium
59078.84,28838.62,16.58,30104.32,0.35,31972.2,16218.5,Medium
109964.86,11241.1,6.29,66931.06,0.19,70614.84,8930.0,Low
49194.56,46080.23,50.27,48690.85,0.62,7056.97,42846.12,High
29086.05,41431.22,51.88,48443.11,0.77,5776.66,53965.0,High
68622.33,29871.24,19.06,62735.15,0.35,19558.61,12284.0,Medium
64599.41,25102.63,25.41,58276.13,0.42,26147.41,24998.95,Medium
25845.23,74029.13,27.94,60690.67,0.68,3082.42,46411.14,High
78946.62,23055.51,10.28,60232.07,0.36,27415.69,10591.13,Medium
25176.76,44716.7,46.28,55831.95,0.53,3209.08,39587.01,High
48655.26,44171.86,39.7,48233.42,0.71,7839.85,26302.68,High
20394.99,40934.01,39.17,61358.61,0.53,8757.04,20418.31,High
120204.66,14862.77,4.05,61946.07,0.25,56770.73,10163.41,Low
45429.56,24955.52,18.13,52301.76,0.36,24303.32,22000.22,Medium
117824.8,17737.53,5.36,67934.89,0.17,63465.62,2618.32,Low
40326.62,32662.33,13.56,51908.55,0.34,18905.4,22192.37,Medium
132953.77,3007.16,5.18,51818.01,0.21,75030.37,6759.18,Low
151584.26,7038.03,7.69,66963.87,0.25,124236.42,9458.11,Low
141975.54,7801.34,7.45,61467.93,0.34,70466.63,9348.42,Low
33861.87,44191.79,45.78,35132.68,0.55,3852.25,46166.62,High
64758.41,22275.21,22.91,59101.9,0.52,29042.7,17422.19,Medium
36954.03,58676.46,27.59,41487.64,0.81,2297.24,56529.13,High
135179.38,15516.51,8.74,59094.67,0.26,48499.6,13345.4,Low
41353.29,57187.96,25.0,45808.26,0.61,5885.59,47520.04,High
127513.96,10240.42,5.36,75432.44,0.31,89102.76,9347.66,Low
26394.35,44476.32,36.95,26549.44,0.53,6503.39,37912.22,High
46373.81,49122.71,25.0,24552.4,0.65,2232.95,52654.37,High
61741.72,26625.89,16.47,59989.92,0.47,20070.85,17472.81,Medium
68144.01,32130.43,8.0,46691.79,0.39,25350.63,17617.31,Medium
77213.62,21785.64,12.75,34037.25,0.53,25889.04,17385.41,Medium
52357.4,20235.72,18.42,48786.91,0.41,20865.22,11026.75,Medium
98466.51,27461.41,19.78,63269.97,0.56,37242.68,16072.8,Medium
48502.72,20513.91,20.4,55408.36,0.37,19232.24,14038.44,Medium
145338.22,12466.59,10.02,58625.51,0.29,82925.37,5356.79,Low
122218.45,975.59,6.31,70887.49,0.26,87240.32,6834.44,Low
103490.06,17752.5,3.16,48562.74,0.28,108562.05,3902.53,Low
74811.79,12699.32,22.04,62314.31,0.39,26479.76,32858.04,Medium
141142.44,8984.77,0.27,63017.92,0.25,71528.39,6991.24,Low
157723.72,6131.05,6.84,61226.7,0.2,70928.83,4120.58,Low
115731.06,7345.02,4.33,64271.94,0.23,71913.16,7589.01,Low
138625.6,7940.62,2.99,63673.66,0.21,88019.44,5429.68,Low
79824.63,23424.63,25.14,45892.35,0.64,24452.43,17746.2,Medium
133027.83,11995.68,7.68,68474.22,0.23,59010.41,12569.72,Low
135820.64,6047.63,8.32,61132.7,0.37,90567.6,6549.32,Low
84941.77,26786.17,15.39,74067.28,0.39,21585.57,12065.92,Medium
67730.51,30726.98,29.72,65738.93,0.28,23117.81,30161.28,Medium
119283.48,11634.64,5.23,62935.58,0.25,75504.85,8606.99,Low
44316.66,34159.07,40.81,20435.55,0.65,5137.88,68491.09,High
84933.72,5864.35,23.04,76417.3,0.39,34594.4,23409.64,Medium
105603.12,6015.52,7.65,64687.74,0.31,86494.4,1850.18,Low
48592.98,57287.47,39.31,47789.1,0.57,5975.78,43435.91,High
94437.5,31268.72,28.38,35807.26,0.37,22799.03,24842.28,Medium
72098.31,19620.12,18.73,49133.37,0.37,18432.97,16840.67,Medium
33506.39,42350.15,46.55,59522.92,0.69,6302.79,43925.55,High
49364.3,59789.05,31.01,56338.33,0.58,4093.71,37393.99,High
51740.76,17207.03,11.02,65294.79,0.39,32670.53,5897.26,Medium
51414.21,5000.0,13.61,61461.22,0.44,17874.01,27532.1,Medium
28888.23,45660.46,44.83,30643.64,0.76,9490.64,26668.3,High
70010.24,32089.53,24.56,55937.41,0.5,27799.39,22530.3,Medium
115580.61,17200.59,6.77,60895.81,0.29,76117.18,3989.82,Low
43132.8,42115.58,35.68,27567.99,0.6,6761.17,49891.31,High
34327.7,37773.56,46.25,53422.07,0.69,5497.58,48915.51,High
42882.04,55338.24,29.51,45473.97,0.66,10493.53,39168.77,High
98851.69,32049.17,18.96,46462.45,0.45,28218.14,19865.38,Medium
110416.52,11448.87,7.32,59786.33,0.29,64791.56,8952.36,Low
78044.36,21765.1,15.63,55278.35,0.55,35143.68,15110.79,Medium
105958.94,12394.9,7.18,64365.6,0.28,79357.65,7716.62,Low
80970.7,22620.99,14.79,48957.16,0.48,34087.58,12478.96,Medium
74614.19,19989.48,17.36,64926.83,0.25,37656.93,13021.74,Medium
123463.62,12965.51,0.22,61263.8,0.26,85007.9,3394.88,Low
122270.35,10888.51,5.4,45936.83,0.16,93117.76,5414.89,Low
65273.7,21032.97,17.01,49856.15,0.46,23804.35,13522.8,Medium
103455.38,13164.66,5.55,62603.22,0.27,82911.61,5060.84,Low
36747.72,24295.27,13.51,59777.77,0.3,32711.4,22036.13,Medium
57152.53,28957.65,21.3,45338.86,0.44,15083.3,14975.57,Medium
89552.62,9035.75,16.74,48425.14,0.41,32750.16,21692.21,Medium
98582.15,7377.4,7.75,50962.98,0.24,75058.28,4688.99,Low
47288.57,52647.57,43.34,35216.65,0.63,3885.61,42576.25,High
81624.58,13271.83,4.43,57081.89,0.22,89772.83,4514.65,Low
117687.03,12649.02,8.24,76612.59,0.22,76744.74,6240.41,Low
51079.15,52465.47,40.81,52482.04,0.63,4636.94,55008.2,High
92446.61,2216.85,5.15,64098.19,0.2,83739.63,5143.05,Low
64001.51,24841.01,17.21,57679.37,0.42,34867.25,31952.22,Medium
106461.56,15838.91,6.48,51220.17,0.22,108064.48,7134.35,Low
74696.98,21679.2,20.92,67852.97,0.29,21668.49,17784.09,Medium
33154.49,39759.21,44.68,39114.67,0.85,4708.07,34636.71,High
27249.55,24370.4,31.71,58478.78,0.71,0.0,38773.28,High
31327.63,45439.56,51.21,44965.73,0.46,4969.38,56584.72,High
48770.99,19653.24,15.41,48681.62,0.46,28515.89,7340.97,Medium
129649.45,12446.87,0.29,63243.59,0.32,90978.06,7007.63,Low
113558.77,10366.59,1.32,64235.99,0.33,94119.66,4936.51,Low
27622.63,37291.55,35.53,30748.02,0.69,5644.95,41067.99,High
115606.56,11692.48,3.95,62005.69,0.25,85581.58,11601.59,Low
22090.58,47031.97,33.7,30321.35,0.77,1145.82,51694.38,High
128081.02,19383.98,1.88,50466.71,0.33,77232.12,9084.25,Low
91765.02,31127.03,27.73,34692.75,0.55,34747.84,5000.0,Medium
15534.75,45220.6,33.19,48856.19,0.64,8362.06,53109.14,High
117441.65,13929.0,7.17,50283.43,0.22,83960.3,7093.46,Low
128255.62,10532.15,12.32,59771.32,0.2,59492.93,2744.51,Low
155309.08,6942.41,5.7,61895.82,0.24,85794.85,8686.99,Low
108168.57,7606.26,4.97,65087.25,0.24,67504.16,9084.98,Low
127331.96,2372.37,3.41,63771.0,0.26,81278.14,7665.47,Low
37344.02,26314.36,18.69,47802.14,0.39,29299.3,14272.29,Medium
139502.39,9826.58,5.45,53875.63,0.29,76349.24,12198.78,Low
125221.11,5106.18,0.0,80574.95,0.2,83169.26,9750.63,Low
69665.82,17897.84,21.61,79271.08,0.49,22349.18,20948.57,Medium
67609.57,22221.58,18.17,69430.92,0.53,25420.21,21991.51,Medium
88564.81,11711.33,15.66,48849.59,0.27,30527.29,25568.54,Medium
61045.39,29415.09,18.41,44792.64,0.42,13933.27,27799.92,Medium
113145.71,14348.03,11.27,53540.36,0.21,70469.56,12948.44,Low
150047.14,12200.07,4.5,86443.43,0.26,93140.7,14817.3,Low
67605.1,14147.03,7.99,64664.3,0.22,119311.9,5800.9,Low
29003.6,49245.27,40.7,34933.31,0.56,1679.39,40492.6,High
48421.8,82662.95,37.33,52219.63,0.71,1318.96,42203.87,High
54435.29,56534.99,35.26,23851.16,0.68,11162.28,46224.91,High
134945.87,10480.6,4.48,52915.93,0.23,85247.0,8649.87,Low
38865.86,37688.42,38.49,30124.47,0.71,5594.65,50910.91,High
66176.81,50150.26,43.6,45201.88,0.5,5071.94,49303.63,High
72175.96,29035.87,20.37,51916.66,0.4,5097.42,15917.04,Medium
139008.48,12953.27,5.1,55261.61,0.29,74224.67,10584.91,Low
132678.38,12362.99,9.92,43836.89,0.29,72035.44,8568.44,Low
28709.62,40281.32,29.2,35061.96,0.57,6952.9,39801.66,High
91397.17,18854.0,2.29,58241.14,0.27,86821.11,6865.98,Low
122346.55,8454.14,2.3,44158.64,0.41,53356.3,11184.11,Low
96626.44,13628.83,4.83,52482.09,0.2,81229.93,5732.63,Low
31222.35,34002.22,45.13,37473.1,0.56,7033.91,49025.16,High
82302.37,17270.03,12.72,43057.91,0.65,14436.05,20745.71,Medium
128099.63,2966.69,0.33,70010.46,0.3,76932.93,2426.3,Low
46912.61,48776.16,36.08,43358.56,0.78,8409.37,35192.35,High
33435.23,32853.14,50.67,46310.1,0.48,3983.99,34602.07,High
150760.73,18382.19,6.43,47457.11,0.31,58271.13,13107.54,Low
112157.84,15187.7,7.2,36370.68,0.3,92726.46,5408.35,Low
63055.91,12342.59,15.35,28585.08,0.34,35181.72,22857.44,Medium
98845.78,3944.92,6.94,58523.97,0.28,66219.7,5053.12,Low
32799.82,48453.47,25.0,38158.18,0.62,0.0,59056.48,High
109722.66,9772.07,8.71,71260.5,0.21,77196.56,6836.9,Low
133393.45,4649.58,3.05,56303.9,0.26,62784.63,4576.97,Low
62536.44,20810.15,13.13,86054.91,0.41,30934.58,20201.15,Medium
118646.39,39853.18,29.94,58491.58,0.46,25097.79,26290.4,Medium
37058.08,19509.77,14.14,71212.19,0.36,24804.81,11142.42,Medium
41989.53,54628.53,34.36,62512.47,0.62,6717.41,61218.74,High
61658.22,28898.44,16.04,40746.82,0.41,27640.91,25680.85,Medium
47239.36,37091.16,55.88,49099.33,0.69,3596.78,40047.85,High
114019.85,13854.33,3.72,71647.39,0.31,94952.88,9659.12,Low
103830.13,10909.33,6.15,64288.17,0.22,96447.04,7442.46,Low
55448.14,28784.31,8.44,45739.11,0.43,24083.52,22315.82,Medium
149557.88,13163.91,4.04,49841.78,0.18,79203.19,2098.79,Low
99295.15,12283.77,6.14,91377.49,0.26,76451.67,6871.1,Low
84243.92,22193.2,24.76,48156.23,0.47,28931.56,30505.56,Medium
71097.95,24925.69,21.46,39380.94,0.43,23743.8,20182.86,Medium
73643.23,24728.6,20.82,26388.32,0.55,30625.12,12475.03,Medium
25030.68,57381.97,32.28,27176.03,0.53,6218.28,53399.45,High
152572.31,4893.84,4.25,62537.4,0.24,70940.29,9721.23,Low
85027.37,23942.91,18.08,70489.1,0.57,22101.22,19807.72,Medium
57834.99,12848.71,21.19,65895.55,0.48,29725.95,14130.15,Medium
41872.38,54727.7,40.08,57844.94,0.79,3056.38,33770.85,High
65169.58,31775.06,22.64,55075.28,0.39,35695.75,21725.38,Medium
44911.91,48078.44,40.73,40804.41,0.68,4316.32,44821.38,High
110998.69,10955.5,7.99,58926.98,0.33,57242.39,9307.93,Low
38389.94,52302.67,41.11,48351.0,0.47,1953.26,35347.86,High
81412.7,20507.54,23.61,50858.24,0.25,14284.24,19942.01,Medium
28725.79,39910.74,46.06,58666.63,0.78,3821.82,45716.69,High
116774.29,12067.17,8.32,55172.56,0.19,70634.82,5811.19,Low
63771.79,26854.74,13.81,55972.99,0.42,19186.06,21220.16,Medium
24499.45,75192.89,45.86,52507.74,0.58,7091.15,40091.27,High
89130.86,21667.0,10.78,43984.29,0.32,24815.6,9467.37,Medium
65800.1,28845.96,16.07,58839.58,0.29,6977.65,17793.29,Medium
92920.47,7156.26,8.0,47593.45,0.36,4054.93,25118.99,Medium
97873.3,14355.62,8.45,35757.6,0.27,66118.63,7719.84,Low
133242.61,3323.28,4.54,59168.94,0.22,70253.52,8090.09,Low
38866.18,24455.01,12.52,45689.5,0.42,15326.41,24944.62,Medium
31548.96,37848.27,37.23,31241.06,0.65,4350.74,41407.15,High
106764.27,18327.37,6.71,69503.08,0.23,103312.41,8554.13,Low
87745.68,13716.32,6.24,66153.67,0.24,102224.95,10085.61,Low
135636.46,8636.38,5.05,64283.07,0.32,68228.57,9410.13,Low
38813.53,33918.5,45.41,31424.85,0.6,9838.61,42282.7,High
139185.42,6345.35,0.16,67796.61,0.28,71230.73,13421.59,Low
36606.5,54471.78,38.03,46131.47,0.47,3612.4,39671.64,High
142856.46,12405.05,5.6,55736.42,0.12,86859.21,11146.12,Low
53978.87,37643.65,53.97,32179.81,0.52,4659.24,60193.36,High
94782.32,5383.83,5.99,32967.68,0.24,106332.14,9809.74,Low
17193.74,54938.79,41.5,32119.97,0.79,4421.06,49867.42,High
29432.21,52117.81,25.5,37050.35,0.55,7861.28,58610.07,High
130851.2,5845.25,3.39,74775.3,0.3,60163.13,6586.63,Low
98815.73,11216.7,5.06,59486.06,0.22,55542.9,6759.15,Low
42343.1,19665.21,13.74,44094.76,0.47,20878.63,15626.24,Medium
76361.0,18145.19,22.78,42689.58,0.36,24493.81,28773.53,Medium
110315.32,23161.91,1.37,73736.59,0.27,73225.11,8444.27,Low
47808.34,26772.47,8.0,75449.22,0.45,18030.46,16266.38,Medium
108461.93,15543.52,2.74,59855.48,0.3,85744.83,8417.18,Low
16138.71,59815.78,37.86,20585.69,0.85,6743.0,31182.31,High
36396.52,60702.36,25.0,57920.25,0.82,4262.01,47917.33,High
71846.17,28589.09,19.8,55233.5,0.5,33205.06,26672.6,Medium
45472.76,42346.3,31.81,39009.31,0.69,10029.36,45092.27,High
65345.38,22461.2,14.73,64249.63,0.37,24639.02,18451.95,Medium
159294.5,13213.61,4.58,59451.06,0.25,67632.29,13087.17,Low
43204.37,34428.1,16.48,43854.5,0.37,40039.0,5043.14,Medium
38953.74,47134.97,42.45,38287.43,0.54,4272.25,54498.89,High
125197.66,8771.28,4.48,49376.06,0.24,63655.5,9296.79,Low
60590.3,24750.37,11.24,49559.03,0.46,19952.55,12739.04,Medium
26225.16,61931.59,43.48,31314.79,0.66,6709.28,40998.8,High
49779.29,24374.15,21.51,65053.97,0.43,27883.53,13832.46,Medium
32510.26,51699.15,40.99,59379.85,0.58,6633.38,41648.57,High
57577.06,35844.58,17.75,61073.89,0.42,22091.41,14696.79,Medium
67594.6,19488.92,21.83,59598.02,0.5,31538.45,13860.48,Medium
149070.68,18761.35,4.7,75213.16,0.26,56527.96,6495.79,Low
42762.29,63451.6,45.32,40009.37,0.57,0.0,52735.48,High
74989.11,12474.82,24.36,50957.26,0.36,21187.57,26764.1,Medium
75687.3,14144.52,20.94,47776.67,0.31,9802.64,17426.12,Medium
23469.16,70156.97,40.67,38883.24,0.74,0.0,49337.48,High
64803.6,35043.23,20.94,66111.7,0.47,35420.72,22594.12,Medium
76440.11,33640.45,21.35,32286.85,0.42,32040.53,19752.25,Medium
28973.76,69667.53,39.09,40453.5,0.61,6986.51,34121.07,High
135348.69,5680.05,6.91,69553.05,0.21,98670.19,3358.09,Low
69894.33,27212.81,14.56,55742.6,0.39,20899.29,31600.16,Medium
78856.33,23028.93,26.33,53192.63,0.48,23768.02,18710.27,Medium
37722.37,66467.26,38.87,65059.47,0.6,4844.14,30068.1,High
114226.83,12357.08,6.18,57499.53,0.26,76542.13,1613.8,Low
52416.49,32784.81,13.11,62194.93,0.59,33151.39,18406.44,Medium
68169.14,15564.32,22.79,79818.71,0.4,32754.95,23058.1,Medium
132566.91,8591.08,6.8,60188.5,0.29,74502.39,10504.25,Low
17739.89,53171.48,43.73,43812.54,0.58,11025.42,49335.42,High
48663.89,38033.26,42.11,44469.06,0.6,5944.92,27675.05,High
31348.47,67940.36,42.71,49265.12,0.72,1484.51,49338.35,High
128876.39,5708.21,2.88,76122.78,0.12,63040.77,11560.2,Low
38596.81,41090.16,48.97,51020.91,0.61,9453.93,42994.29,High
149022.87,3103.4,0.88,56919.66,0.26,48694.59,12352.78,Low
32022.04,39810.74,25.0,46190.51,0.79,3861.13,38264.6,High
64954.2,15937.72,15.49,62870.71,0.35,29077.51,12070.67,Medium
87850.34,8702.04,4.55,59203.59,0.26,67285.49,7702.72,Low
52391.8,22454.1,23.72,40185.86,0.37,25932.63,21698.32,Medium
29720.06,67226.85,27.06,47092.95,0.59,3166.74,55179.57,High
48534.54,40692.72,51.98,33618.24,0.75,7181.51,37183.28,High
26585.5,43944.4,30.56,48928.15,0.51,3470.32,40160.16,High
45291.8,65470.44,33.05,40761.08,0.66,8140.86,44867.17,High
127681.31,3598.48,6.99,63080.51,0.34,94948.56,8436.56,Low
97865.54,13670.18,22.73,70052.06,0.36,21601.35,22760.25,Medium
35650.25,36640.46,49.89,36122.62,0.6,6340.11,47141.11,High
121285.6,10092.17,5.13,54640.37,0.32,95171.95,5459.45,Low
19285.8,44822.53,27.58,48385.43,0.65,2605.38,41956.55,High
105693.93,7301.2,7.89,63672.87,0.16,68862.74,10338.05,Low
42699.69,38719.81,49.08,40285.04,0.62,6105.49,56896.43,High
32455.24,50106.29,42.66,47598.28,0.72,8901.88,42742.77,High
139080.04,7275.4,2.84,38273.3,0.29,87497.96,13001.67,Low
80248.62,15718.77,7.55,51897.48,0.23,106379.31,7254.41,Low
130438.83,8845.33,9.78,71873.86,0.24,80234.28,7668.0,Low
51032.52,21725.53,19.54,47119.73,0.25,33810.64,11456.25,Medium
55861.63,27788.76,16.13,56093.12,0.5,29034.17,17202.87,Medium
86752.51,12587.9,17.74,42564.29,0.38,19413.91,36001.43,Medium
83084.73,23714.95,9.84,39716.97,0.42,26059.98,16005.84,Medium
14286.23,45998.47,36.91,30257.98,0.6,8914.89,55556.94,High
69515.79,26650.89,16.5,41541.64,0.3,37002.2,11582.8,Medium
48897.77,21920.46,12.23,68803.21,0.25,27451.61,17852.06,Medium
129471.85,7865.59,6.36,70299.61,0.28,84669.63,12484.81,Low
11325.22,45495.11,48.85,16910.43,0.8,720.05,44231.35,High
72737.52,16386.57,17.93,57523.64,0.52,35448.58,23342.83,Medium
122405.91,13227.42,4.03,48060.75,0.29,73249.81,7332.58,Low
121953.52,13292.72,3.67,49090.34,0.19,88022.26,9201.44,Low
69084.94,19960.92,19.33,60853.3,0.25,12314.99,22948.48,Medium
31410.42,40333.68,42.38,43025.41,0.61,846.45,47239.95,High
62473.24,14065.13,16.93,63793.95,0.38,23286.8,26392.26,Medium
37506.28,53897.1,44.57,57245.17,0.6,2057.16,35142.67,High
91850.72,22276.5,7.8,51338.25,0.21,67441.06,12771.75,Low
126835.12,12919.64,8.91,51903.96,0.24,72106.28,5551.35,Low
129934.28,14630.89,9.2,67783.61,0.22,88559.19,2276.58,Low
130386.93,11014.62,4.95,58656.91,0.2,72031.79,4540.0,Low
64104.21,31717.31,12.68,38067.32,0.46,17777.53,15754.69,Medium
87728.37,38595.49,22.62,60707.06,0.43,36136.31,18962.93,Medium
17367.63,50026.78,42.36,46335.62,0.56,5869.73,43053.36,High
115019.28,552.3,6.94,56114.82,0.29,81586.31,4146.25,Low
27250.37,45366.65,37.47,34653.29,0.76,3626.97,48456.2,High
113815.75,7837.21,8.52,51968.21,0.29,80050.63,8613.17,Low
75550.92,27703.66,11.9,63747.29,0.34,20430.53,12127.02,Medium
64430.48,47676.69,38.28,38171.83,0.79,1943.58,37251.98,High
38246.58,36150.04,36.09,42075.6,0.62,4320.42,34041.61,High
37088.54,68321.75,36.91,52579.61,0.5,5175.83,37257.3,High
118457.97,8286.56,5.31,56082.42,0.23,83906.63,4048.6,Low
118746.42,8793.82,5.93,42269.68,0.2,98089.92,6567.06,Low
163809.11,7443.92,1.56,70800.48,0.28,67083.68,10218.96,Low
27756.97,39490.22,37.98,25952.95,0.6,4978.81,56183.38,High
92461.48,31897.79,18.84,40166.37,0.52,11928.62,23473.57,Medium
78870.24,22407.45,22.74,44140.63,0.38,12640.51,18243.89,Medium
38011.07,10125.31,19.78,59791.81,0.45,14563.28,21708.53,Medium
121941.55,10357.83,4.79,49278.61,0.27,98561.57,2546.06,Low
30419.75,33013.71,25.96,44376.43,0.63,7603.42,49556.47,High
102856.85,4354.74,9.18,59758.04,0.23,75469.32,9566.43,Low
87878.49,30168.05,12.93,63876.11,0.34,33787.88,14607.2,Medium
21358.94,65130.19,36.68,33180.39,0.65,7427.78,53234.23,High
74745.37,21338.93,21.65,40397.24,0.41,16678.41,25858.59,Medium
126646.28,9523.52,3.07,41989.42,0.3,90282.62,6349.65,Low
138357.24,3241.58,7.5,66778.75,0.33,103595.3,8894.48,Low
107097.6,8242.43,6.04,54709.47,0.3,76480.69,10078.17,Low
72391.94,30627.42,14.46,61642.83,0.57,34021.49,30037.21,Medium
121371.26,17647.75,6.27,51536.43,0.25,86947.77,7887.29,Low
103420.1,14691.42,3.0,79011.91,0.3,82757.52,9015.66,Low
19430.49,32184.74,35.74,43268.25,0.85,6643.22,32497.84,High
143162.22,17897.86,2.18,49096.01,0.2,98703.38,7992.79,Low
56112.96,43290.03,47.91,48670.65,0.7,9767.44,42321.01,High
25512.51,45301.16,29.85,40331.85,0.62,0.0,45891.98,High
92344.01,12862.91,6.78,52550.97,0.27,77671.11,6929.98,Low
41091.36,53924.87,32.57,29755.98,0.77,917.5,52914.97,High
85541.31,31037.87,20.94,58074.05,0.33,21453.89,13088.01,Medium
133802.88,6936.06,8.59,73043.4,0.22,86129.11,5872.94,Low
130778.2,8594.5,11.02,70701.5,0.29,81162.21,13805.46,Low
35440.63,26774.84,33.3,30768.05,0.67,4590.73,52172.64,High
128258.63,14921.61,3.84,59667.7,0.25,113281.7,9508.35,Low
155106.82,4867.42,8.22,67479.1,0.31,91175.08,7768.34,Low
139267.52,6435.77,8.07,72969.95,0.33,86948.09,4536.91,Low
107987.23,11298.61,6.84,55111.51,0.26,110848.15,6470.58,Low
58066.64,21153.33,15.91,29743.01,0.46,42428.5,30154.08,Medium
95085.22,13079.68,5.96,46540.2,0.18,77982.55,6147.07,Low
39081.36,47348.82,38.05,45358.47,0.76,3197.76,49981.12,High
41636.46,51773.85,42.06,43354.29,0.79,6417.92,37691.87,High
83702.11,18909.16,23.2,52337.34,0.49,17815.78,26498.87,Medium
27403.27,74650.33,45.24,44959.33,0.79,6816.21,45873.57,High
104925.28,15457.53,7.56,65467.34,0.27,89384.46,6752.1,Low
157935.86,17519.96,6.69,54952.25,0.19,61512.15,8474.16,Low
76671.61,25688.89,18.23,61217.22,0.41,18815.76,15503.5,Medium
126823.04,8142.8,4.81,50775.9,0.26,71917.37,10328.08,Low
89192.78,20858.46,19.74,56863.9,0.32,23821.28,5000.0,Medium
30930.26,53998.77,32.17,38716.25,0.7,4006.93,43878.74,High
28698.57,32145.66,41.87,40834.29,0.72,7803.96,44366.97,High
85142.08,16532.47,22.14,45829.76,0.52,10570.0,15880.77,Medium
149598.88,0.0,12.67,67542.91,0.22,89031.77,7359.63,Low
78557.61,27372.62,22.85,41702.65,0.48,20047.02,15989.27,Medium
151292.87,8904.5,1.15,46434.18,0.26,79246.93,12895.57,Low
45567.25,59720.33,25.0,48190.83,0.61,1773.05,50280.36,High
56228.1,25638.41,22.59,61060.25,0.25,12617.59,18439.78,Medium
61211.08,33602.75,23.52,43410.61,0.42,20442.41,25365.4,Medium
38702.84,21180.71,13.29,90018.08,0.42,17655.85,29216.94,Medium
84683.34,40586.74,21.43,34577.17,0.3,23850.72,31226.45,Medium
162878.88,15145.78,2.59,67999.42,0.19,109805.92,4158.63,Low
39722.68,20113.14,12.77,42327.63,0.5,23527.74,20883.79,Medium
113694.62,9811.83,4.12,54646.72,0.23,85514.74,10206.87,Low
143171.91,9836.23,0.83,38781.45,0.27,88958.42,6622.73,Low
98753.93,9209.96,9.84,53564.5,0.28,82959.38,2806.4,Low
27439.96,47863.72,61.59,45307.84,0.55,2894.13,39775.85,High
133725.2,3259.07,6.9,67388.1,0.29,64116.39,12111.61,Low
34491.99,30609.84,57.49,51067.87,0.59,874.74,45867.61,High
70901.29,20575.28,15.7,63255.2,0.55,26081.52,25273.78,Medium
134280.01,13564.99,7.82,71876.79,0.33,84742.34,11991.72,Low
123427.37,4351.47,3.62,77722.52,0.23,61122.43,8470.92,Low
88272.92,35272.77,22.76,61672.27,0.45,19609.68,18573.16,Medium
125151.01,1106.4,3.13,63230.79,0.23,93455.99,9351.81,Low
93436.28,15031.46,5.67,48300.83,0.25,61314.24,5111.8,Low
73365.09,15486.14,25.26,54753.27,0.44,31937.5,21310.33,Medium
39023.75,31853.62,14.71,60170.35,0.49,16791.35,16214.93,Medium
43515.91,57897.72,60.67,41297.76,0.79,3358.42,38487.13,High
62922.09,53456.34,51.2,60418.16,0.62,10404.59,39583.79,High
124069.27,9761.44,3.8,68623.93,0.21,84330.85,7807.45,Low
109389.98,9799.21,1.41,58050.92,0.28,52690.95,6636.36,Low
80392.86,29119.07,13.89,46607.03,0.4,9465.13,26065.04,Medium
76422.79,25799.1,11.33,76218.03,0.51,21309.86,25388.7,Medium
109112.35,6183.7,10.18,56277.93,0.1,93827.02,2390.77,Low
49436.7,44012.15,48.25,47935.39,0.76,7487.45,53185.95,High
34181.06,67916.04,39.43,47303.69,0.71,12591.11,55772.94,High
127232.72,646.04,3.6,44374.54,0.32,92876.77,8675.79,Low
69038.83,20140.22,21.16,65107.57,0.3,28515.62,21081.77,Medium
48111.62,37992.45,57.55,40495.32,0.43,3291.95,51943.26,High
124481.85,11429.33,4.92,70325.46,0.22,67421.21,6422.36,Low
49413.02,29740.54,19.9,39709.21,0.49,31697.24,18451.73,Medium
62130.06,8710.24,8.0,62365.25,0.44,47239.71,13277.49,Medium
50391.97,51816.89,46.15,42657.38,0.5,5616.46,54154.03,High
109484.9,15220.8,3.18,54075.36,0.25,86865.3,11080.96,Low
81897.64,12495.73,19.45,58693.99,0.37,23225.75,23689.67,Medium
104618.74,21145.87,23.92,48915.9,0.4,15426.68,19513.6,Medium
38014.07,40104.2,43.11,41808.78,0.63,8163.86,44329.9,High
109394.85,9589.24,6.7,54043.39,0.28,65766.25,0.0,Low
114948.64,15746.37,5.51,57539.38,0.28,83797.48,9996.25,Low
136438.05,0.0,3.52,59643.59,0.23,63320.49,13454.19,Low
47514.76,26603.68,11.64,46486.83,0.4,27916.49,26412.75,Medium
120911.44,12041.26,4.74,59805.8,0.15,88443.21,4787.44,Low
93910.61,19233.18,6.2,66215.72,0.22,84860.86,10086.21,Low
110616.49,13243.55,5.55,56299.89,0.18,138893.57,3842.04,Low
71670.59,18781.03,8.0,85472.58,0.56,14877.93,25775.02,Medium
120260.04,4447.12,0.0,72171.59,0.17,85244.75,3599.64,Low
101839.52,10496.66,4.04,49758.13,0.28,76553.01,6646.52,Low
30497.47,56924.87,32.78,43442.54,0.84,3310.37,45990.14,High
12253.79,67258.03,47.74,43920.04,0.63,5713.2,43014.31,High
124873.74,13374.1,5.01,41181.51,0.27,57250.36,7271.96,Low
22123.95,50836.45,42.53,43214.61,0.72,5752.85,58984.84,High
67055.79,18788.01,22.84,48314.43,0.45,25578.02,10236.13,Medium
87196.61,16744.36,18.79,50848.97,0.28,30905.9,27969.0,Medium
116286.82,20377.0,0.0,52527.88,0.24,81285.31,7001.42,Low
54836.34,65770.72,35.85,51714.12,0.46,741.7,45403.08,High
143263.28,13162.04,1.72,53773.51,0.22,77348.39,10644.22,Low
22296.38,41278.71,31.38,56148.41,0.67,965.22,45100.21,High
53539.48,16263.03,11.78,41845.36,0.45,33951.16,11900.45,Medium
30642.1,40372.74,49.12,34099.83,0.43,6087.35,70031.72,High
31245.0,51027.14,56.42,49341.06,0.53,6909.66,46207.9,High
121396.04,9627.83,5.58,55706.98,0.28,79073.54,8238.79,Low
124177.27,5697.93,1.32,65136.0,0.27,94637.25,6972.35,Low
75600.23,22850.83,15.17,53896.52,0.42,14990.41,25185.49,Medium
36264.59,46309.14,35.55,34457.02,0.7,4531.17,29750.15,High
43652.9,52036.97,35.83,39906.24,0.59,7395.5,60061.47,High
91709.59,31052.52,18.58,54762.47,0.47,17716.11,26013.42,Medium
64441.26,36626.2,11.17,57158.97,0.37,18952.39,37612.44,Medium
137127.98,15796.65,1.0,55250.96,0.27,76338.79,10136.97,Low
69108.77,7253.22,24.46,40850.7,0.33,23167.35,19810.89,Medium
117859.39,11713.63,7.26,38643.26,0.22,93982.87,11266.31,Low
71093.11,28932.05,13.19,76617.16,0.42,22893.54,24661.62,Medium
74831.23,32981.06,11.65,70030.49,0.42,36331.29,24918.44,Medium
29971.31,54322.71,43.43,25348.75,0.55,7060.32,43662.21,High
52004.54,27212.65,25.96,62202.56,0.43,31634.59,13730.98,Medium
89317.72,11246.92,6.37,66380.51,0.19,69035.66,13974.66,Low
87575.77,33290.42,19.21,54889.81,0.29,13698.19,16415.13,Medium
55212.94,23058.41,23.73,75080.37,0.41,31578.8,26537.22,Medium
116152.78,22228.76,5.45,58195.2,0.29,88981.92,9166.94,Low
122313.49,10933.05,5.81,53791.52,0.27,90029.82,8623.41,Low
37023.83,53764.68,25.76,31956.62,0.45,7064.78,56064.62,High
89359.67,28098.97,25.26,56497.03,0.37,19692.51,24958.42,Medium
81731.95,24498.88,12.54,59802.83,0.45,17837.17,19642.07,Medium
30490.06,47723.68,37.69,48268.77,0.8,5179.73,47510.04,High
130265.35,5719.58,4.41,60861.44,0.32,79047.13,8430.76,Low
67750.89,17476.81,15.19,31013.33,0.35,15644.15,35179.57,Medium
39757.52,43369.17,39.8,22296.91,0.48,4121.73,56179.34,High
25756.43,66322.02,45.93,32133.41,0.59,2832.96,44521.41,High
63276.63,16267.0,15.97,37204.19,0.31,27414.99,22194.56,Medium
102487.63,7144.11,8.07,58369.33,0.29,85012.65,7450.55,Low
110685.4,9748.81,5.59,58063.41,0.21,88208.97,11977.39,Low
85737.31,9164.41,0.96,57412.04,0.2,48738.31,9516.77,Low
162660.67,12798.95,2.64,60824.4,0.23,72691.96,3315.52,Low
78000.39,28166.39,17.59,47375.08,0.43,33664.0,22838.87,Medium
24608.89,68512.84,40.05,37487.81,0.64,1167.69,54553.89,High
33159.13,35913.52,38.65,43602.69,0.63,4875.53,45143.36,High
67724.28,24495.02,15.59,75774.04,0.41,35228.6,15829.1,Medium
77404.82,25379.95,30.75,59505.47,0.38,16696.07,15470.8,Medium
133131.07,9278.2,4.03,71398.79,0.28,88298.77,8939.55,Low
85024.48,14139.86,17.95,64637.86,0.5,31474.12,16767.26,Medium
14749.6,47646.88,47.57,43470.77,0.81,5879.85,66168.03,High
105846.61,10924.18,6.26,69528.75,0.23,68625.77,5863.34,Low
117058.85,11171.07,3.99,63615.04,0.28,75502.43,3973.62,Low
41994.64,46659.52,26.35,26622.92,0.61,11967.83,37499.77,High
27174.09,46268.75,58.03,48461.3,0.65,4095.26,64856.76,High
77131.46,20367.01,13.44,48858.84,0.3,18109.52,15777.74,Medium
39048.23,55622.48,50.76,44317.31,0.55,959.64,45415.42,High
79970.54,16030.05,23.15,38969.65,0.44,32737.42,29903.44,Medium
25717.8,43052.58,38.5,39316.31,0.62,5342.93,57227.12,High
69833.62,22705.65,21.34,45651.77,0.46,31185.92,18827.16,Medium
36026.46,55824.32,36.16,67859.75,0.72,5570.67,23973.99,High
32600.94,13610.54,23.37,46178.6,0.37,28193.83,19550.44,Medium
121350.56,6686.88,4.93,57735.16,0.32,85512.22,6765.72,Low
119629.74,5838.22,3.36,73924.65,0.23,69231.22,8235.73,Low
37361.42,47547.73,48.46,57685.19,0.78,5851.36,41095.91,High
103555.59,9752.68,5.48,58714.62,0.28,84434.37,10118.24,Low
79215.36,19405.79,7.45,64966.99,0.2,73166.91,12038.68,Low
147337.49,6736.88,5.04,61947.36,0.18,109809.14,4818.18,Low
115263.63,10751.51,5.84,61905.0,0.25,93278.47,6426.66,Low
73278.01,24511.39,24.63,48717.09,0.41,24213.52,28035.96,Medium
17563.27,40858.88,36.81,59443.11,0.54,6627.27,44993.92,High
35321.85,78858.05,43.45,47846.23,0.52,1940.6,53514.1,High
28832.25,51095.78,33.08,51530.09,0.75,6952.0,40701.0,High
113446.76,11668.31,5.16,69039.35,0.19,80870.34,9258.83,Low
48465.72,40395.98,37.5,35996.61,0.68,3788.89,36523.73,High
47058.18,36971.03,47.58,34795.45,0.74,3872.05,40590.98,High
61423.81,33778.4,20.55,67353.29,0.39,13553.35,25982.36,Medium
38832.82,18558.63,21.56,53457.44,0.51,32978.12,24614.19,Medium
124645.07,4467.37,1.03,56468.34,0.26,95458.71,6875.53,Low
46214.99,27995.53,48.26,53877.13,0.54,1450.74,49457.6,High
56245.56,39978.51,49.67,57884.47,0.72,2884.05,45872.05,High
89549.17,29844.85,17.15,65925.02,0.43,22479.34,24124.56,Medium
101871.57,30069.29,19.05,43076.93,0.57,37389.11,18272.56,Medium
57446.19,17242.05,20.89,64249.0,0.37,39939.7,11601.91,Medium
29155.99,33112.48,37.41,43633.35,0.93,4620.01,40642.89,High
98369.04,14386.81,0.0,65161.78,0.25,81400.59,9994.78,Low
50511.75,23103.9,21.28,49913.32,0.48,29784.79,28412.06,Medium
45995.93,14075.06,17.71,51247.98,0.4,13472.15,14558.58,Medium
95680.6,17120.05,15.05,55105.4,0.47,26596.88,15430.47,Medium
81162.79,35175.14,22.19,60443.03,0.44,25278.46,15425.49,Medium
25207.0,52825.47,32.29,37409.68,0.83,5383.78,38035.39,High
31940.46,57736.28,52.3,56794.82,0.81,7104.17,45927.43,High
78792.49,29068.87,16.67,73884.81,0.29,23068.56,19468.73,Medium
119305.76,10546.97,12.21,62987.53,0.24,68987.39,7417.19,Low
59279.79,10264.82,20.59,53776.06,0.45,23267.81,9736.38,Medium
47434.69,58006.94,49.11,35818.25,0.81,772.35,31923.57,High
66962.14,30450.9,22.34,48534.87,0.4,35545.58,22653.9,Medium
135038.66,11119.42,8.15,71484.46,0.24,101837.33,12966.22,Low
70107.68,29212.29,16.42,56648.23,0.5,23731.7,12384.25,Medium
74002.28,21894.06,8.0,55602.73,0.48,15822.72,17638.33,Medium
104539.8,20051.02,2.35,55891.86,0.31,98434.71,8393.2,Low
111199.11,6865.16,2.79,61232.05,0.22,72253.56,8694.34,Low
75462.1,23262.95,28.77,54869.59,0.36,28587.88,30900.53,Medium
75824.68,30566.91,20.72,47644.2,0.46,22390.13,22883.65,Medium
69326.6,34762.26,13.77,68010.38,0.33,21896.99,14792.47,Medium
74792.87,20794.95,18.95,71358.75,0.37,23029.32,26568.79,Medium
110787.22,12885.36,6.96,50016.15,0.25,59335.74,11477.22,Low
5457.51,51367.65,39.29,20853.06,0.58,7468.05,35014.3,High
62931.04,17339.45,21.42,67259.48,0.44,17746.81,25774.07,Medium
84250.24,6026.73,11.3,85863.94,0.29,27861.29,23306.1,Medium
58604.45,16362.11,18.1,63387.04,0.35,16344.69,12990.93,Medium
33203.8,74933.33,48.51,50011.82,0.82,6933.17,46354.91,High
115316.93,6746.79,7.09,58298.15,0.16,63722.74,9669.66,Low
32662.76,51197.92,45.72,39368.39,0.46,1925.75,46104.18,High
29850.61,41841.34,36.16,30462.94,0.73,6509.7,35226.36,High
99512.25,9519.7,2.24,43980.34,0.2,70526.33,11518.27,Low
48954.34,46756.79,45.7,51435.98,0.74,3938.42,43496.72,High
35911.68,32672.89,38.11,40546.51,0.55,11066.52,44129.85,High
118217.6,9504.12,1.11,56568.08,0.28,77142.45,12765.88,Low
42147.46,59041.01,38.62,60951.49,0.7,5526.72,39026.19,High
55598.45,49630.56,49.09,32130.57,0.53,7259.57,34216.85,High
75696.51,29026.02,14.21,45381.67,0.54,21441.55,9377.11,Medium
47106.75,45659.31,38.63,47921.14,0.65,1332.91,33727.14,High
119581.97,7827.52,6.61,41968.6,0.35,78568.04,11302.46,Low
48746.11,39937.99,36.23,38576.95,0.76,6876.77,38388.63,High
136270.19,10982.77,6.67,68968.39,0.27,75181.36,4955.72,Low
125939.69,13481.03,2.46,85895.64,0.17,93534.16,5310.07,Low
50949.08,21432.45,14.25,57410.14,0.34,38658.64,20952.54,Medium
126481.68,10432.95,3.12,58998.46,0.29,56210.25,3884.98,Low
57887.91,45945.47,35.37,40471.45,0.53,6963.16,45035.83,High
77453.1,39950.54,19.05,49853.82,0.25,13591.86,15154.45,Medium
48655.38,26595.39,21.1,69319.73,0.49,22691.4,20654.5,Medium
30666.1,37039.97,38.72,32219.77,0.74,6220.54,46234.19,High
114498.97,10640.52,8.59,65935.57,0.3,51316.18,7725.8,Low
53465.95,35270.53,17.59,59580.81,0.42,22482.47,19690.75,Medium
57615.19,19024.61,21.12,48649.59,0.51,18034.18,22026.6,Medium
144756.33,5915.32,3.03,57045.2,0.25,84309.93,6786.81,Low
56848.39,13755.5,23.29,63802.57,0.48,28572.29,25293.72,Medium
121939.92,7413.56,5.17,58687.43,0.27,75816.75,8588.39,Low
91753.93,13756.94,6.27,78540.93,0.19,67228.9,9655.22,Low
79046.42,21169.93,12.81,67485.17,0.37,24511.22,20096.75,Medium
95583.13,10236.99,9.72,44052.97,0.39,75573.65,9340.62,Low
95036.04,17965.74,12.86,61412.38,0.41,22074.58,22534.61,Medium
77313.4,32204.26,21.99,57613.63,0.42,29952.26,19926.21,Medium
30486.97,69115.57,25.0,46352.12,0.65,3707.01,51174.29,High
117152.41,13731.27,9.5,48732.33,0.29,63048.96,8378.53,Low
97832.55,35957.61,26.32,55406.83,0.52,15903.74,21544.24,Medium
57813.96,23227.89,16.48,46759.42,0.39,11440.21,24175.59,Medium
74160.38,24266.35,14.67,35475.94,0.38,16972.49,32385.32,Medium
27886.97,61669.33,27.98,51280.16,0.69,6713.67,53855.77,High
113309.98,6371.28,1.33,62383.69,0.26,75550.89,10315.76,Low
41249.04,55903.92,32.43,51609.32,0.57,12204.75,17775.46,High
76965.55,18767.26,31.78,74425.45,0.41,20246.31,24106.7,Medium
137632.8,10134.43,8.79,64319.23,0.15,116175.15,3207.2,Low
125861.45,22866.8,9.93,63384.84,0.19,70132.48,4884.37,Low
98356.61,39794.9,12.85,62915.8,0.59,14844.28,21392.57,Medium
53392.65,11616.85,18.74,68947.12,0.34,30875.81,9645.37,Medium
55781.61,16235.84,24.31,46796.39,0.41,18775.24,7702.91,Medium
57241.97,27875.81,21.33,31539.41,0.3,19009.6,20859.84,Medium
83560.26,33431.89,18.07,58470.2,0.34,21021.17,27733.18,Medium
31734.64,39125.42,46.64,28487.1,0.55,2496.88,44597.95,High
126284.95,5112.22,3.55,66308.12,0.15,46710.49,0.0,Low
108674.05,9371.07,2.74,72810.16,0.31,90468.55,11954.91,Low
76937.25,18245.41,19.19,54758.81,0.43,37006.74,13213.6,Medium
90438.44,15443.82,12.01,78518.05,0.34,30545.74,12107.35,Medium
41213.47,63593.66,35.47,56929.53,0.64,2814.83,54492.96,High
111069.7,8195.17,5.32,65866.94,0.17,64749.75,6770.94,Low
48530.69,28059.13,42.77,35839.29,0.73,4277.83,32039.51,High
40367.68,20285.34,17.43,50454.88,0.34,32663.95,25675.33,Medium
23483.19,58823.23,31.16,39715.27,0.68,4296.48,36543.11,High
27629.71,53803.42,31.55,47405.9,0.82,5430.25,54943.79,High
58302.21,22646.06,16.27,42640.33,0.32,43702.62,15141.65,Medium
132513.35,13608.36,5.54,64037.3,0.24,90187.14,10935.27,Low
108796.38,7419.78,7.98,59393.39,0.2,120395.5,5186.22,Low
99255.08,18988.43,11.18,59734.79,0.24,83866.29,10446.5,Low
23820.72,51411.06,46.91,45128.66,0.64,4600.16,38462.58,High
53197.72,51506.58,51.42,54692.56,0.6,8140.14,31482.92,High
37775.53,56238.45,32.1,39607.27,0.48,3510.05,43151.23,High
76365.91,30569.34,19.72,79506.13,0.47,26554.67,20865.96,Medium
14192.59,42995.33,37.1,24777.43,0.72,3857.92,41474.54,High
131531.14,7738.47,4.64,71241.13,0.24,98955.6,10933.45,Low
129476.66,9879.37,11.76,73175.98,0.23,93353.71,8328.23,Low
37978.76,67467.21,47.99,51057.18,0.5,2609.04,50656.33,High
99743.38,12504.59,3.05,75134.5,0.24,81288.4,3441.96,Low
21279.21,42318.15,35.05,46103.83,0.49,3531.76,54878.62,High
80305.99,30605.6,17.5,30106.16,0.58,25015.81,10523.38,Medium
72407.34,19801.38,19.23,52790.25,0.53,25739.01,19332.09,Medium
34426.03,34572.81,36.54,73577.71,0.6,5006.55,38373.09,High
35551.99,58040.6,47.82,53288.47,0.72,3785.91,62945.25,High
38553.38,44615.65,33.4,46845.91,0.6,1731.97,56329.26,High
72796.24,30296.41,20.52,52558.47,0.58,25993.41,20582.93,Medium
46799.89,59397.92,39.67,48844.86,0.79,9242.09,46936.62,High
95243.69,13052.93,7.87,67600.56,0.2,64369.33,10629.37,Low
73181.4,26010.14,8.25,64105.89,0.4,15927.84,29434.39,Medium
141779.01,9080.08,4.61,70859.82,0.32,80055.44,5036.38,Low
96980.13,1862.29,5.11,78845.86,0.34,86301.42,8571.27,Low
92397.97,13541.78,9.82,64676.93,0.29,76556.77,4171.09,Low
42595.0,75909.45,40.19,38425.85,0.66,1896.21,71323.86,High
133591.95,6108.48,11.63,78381.84,0.3,72720.41,7882.94,Low
80806.6,8077.22,0.61,54672.99,0.22,93776.82,8511.39,Low
47888.02,24539.86,18.49,60086.67,0.34,33052.85,18922.91,Medium
29448.91,55646.12,46.31,61262.86,0.5,4622.76,46201.99,High
108483.64,2846.12,6.33,71337.7,0.24,84050.86,7344.04,Low
34174.07,47266.75,33.09,53572.45,0.6,7510.97,46373.41,High
22635.22,42142.76,34.73,35409.76,0.46,7535.82,40029.69,High
73971.63,19271.65,13.25,57565.71,0.38,34336.97,14447.65,Medium
40724.45,43015.26,46.48,47665.41,0.61,1671.63,43281.9,High
76867.08,25033.84,8.0,47091.53,0.44,32646.42,19751.17,Medium
42820.27,46704.28,39.48,59629.8,0.82,8948.02,57724.28,High
23854.68,46405.82,38.23,47233.24,0.56,6784.56,56874.27,High
26455.07,59117.45,43.49,42683.22,0.79,8914.5,50025.46,High
38362.78,50262.67,36.73,50810.62,0.57,3546.11,39418.67,High
41308.76,46584.49,44.08,40467.39,0.64,0.0,38406.76,High
49171.86,21611.21,20.54,52495.98,0.44,23227.2,14306.28,Medium
100506.37,7131.69,0.0,73171.15,0.19,62366.08,6180.49,Low
68605.84,15743.07,17.02,47456.15,0.41,15544.14,20567.17,Medium
14346.97,44001.53,44.46,30788.66,0.48,0.0,32229.15,High
74039.42,24141.88,17.08,40619.29,0.44,24938.49,31003.38,Medium
17823.28,60696.13,28.19,38248.91,0.8,0.0,41329.77,High
73645.07,41336.56,20.16,28006.81,0.45,25516.05,15599.11,Medium
57325.88,5015.51,18.79,65514.09,0.45,27651.77,26980.26,Medium
106399.51,8655.56,3.08,61943.84,0.25,87661.88,0.0,Low
15908.03,39176.09,25.0,38993.26,0.68,9172.5,39346.5,High
61996.0,30066.61,17.65,53301.64,0.41,18303.28,28547.77,Medium
40161.44,44986.6,39.02,30322.43,0.6,779.84,40244.66,High
33823.33,60240.19,29.41,55427.22,0.61,6184.64,50990.84,High
103954.45,16778.19,4.58,52008.08,0.31,62155.0,11211.83,Low
59564.58,31876.68,23.11,54795.93,0.37,22516.87,28586.91,Medium
21243.66,52293.49,40.45,47163.97,0.67,6567.56,50161.63,High
18191.3,50092.73,36.28,43848.59,0.61,5191.11,36748.34,High
132233.53,11272.1,5.78,51731.2,0.23,85844.21,5648.74,Low
126928.96,15632.83,0.0,63257.96,0.33,102789.26,6892.38,Low
120939.61,16392.26,7.16,63696.42,0.24,84942.63,7703.46,Low
24440.1,66224.47,31.19,39177.59,0.73,5762.38,35111.28,High
130275.72,18773.97,3.01,78998.82,0.27,80358.55,10490.58,Low
25883.83,44513.38,40.74,36922.83,0.69,3383.65,47174.06,High
30221.6,40362.67,43.35,39162.93,0.72,5546.51,51992.12,High
110610.51,10242.61,8.15,60884.07,0.28,59733.88,11248.07,Low
31909.34,35873.28,36.98,37676.99,0.63,5622.63,53229.89,High
25903.2,45256.6,29.36,39128.9,0.69,1245.93,35318.71,High
50360.61,31607.79,40.84,37987.91,0.64,4048.69,46398.21,High
100285.48,3742.3,5.72,50942.68,0.25,87000.06,7617.04,Low
140649.31,15268.21,6.12,41693.67,0.25,77737.43,11174.35,Low
90901.82,17794.63,9.56,57875.53,0.29,25934.64,15678.73,Medium
24498.13,69671.08,34.87,46872.18,0.67,0.0,43453.1,High
74525.5,26257.02,22.97,47963.02,0.25,41462.49,21121.94,Medium
23290.75,51703.76,32.75,38998.71,0.59,4296.26,39980.08,High
70704.02,26660.83,21.86,54164.4,0.46,26682.94,19765.03,Medium
124641.0,12462.26,0.55,49723.25,0.3,63540.46,12885.41,Low
45752.22,51274.2,41.21,48293.61,0.69,5578.97,44063.91,High
55174.65,22800.42,6.62,60754.34,0.31,93430.33,5286.16,Low
125009.86,19244.78,2.03,65796.33,0.24,66383.66,10525.95,Low
89696.18,14203.22,4.6,66559.01,0.21,59475.27,8156.78,Low
62546.02,29951.09,22.07,48110.79,0.48,21125.93,13405.76,Medium
31621.85,52858.06,55.87,39746.49,0.5,1421.08,50692.89,High
45522.11,54020.65,38.83,33203.56,0.65,5655.02,45029.26,High
62028.18,19095.54,24.97,63748.76,0.34,36017.45,19902.66,Medium
52309.46,25819.88,11.55,45745.6,0.51,35822.4,19596.34,Medium
153742.83,8895.18,0.42,53585.18,0.25,63046.94,5226.31,Low
38061.35,35527.73,39.55,44078.61,0.72,2426.8,49998.22,High
32532.76,25821.19,50.11,57696.29,0.65,6165.27,54099.63,High
95260.99,0.0,1.71,58128.56,0.17,74442.38,5877.12,Low
120104.87,10143.72,8.56,71731.25,0.22,71452.51,8586.45,Low
61290.28,35141.21,19.63,66712.49,0.46,12947.8,14011.43,Medium
51656.03,49146.56,25.0,34343.89,0.83,1225.21,55450.56,High
103187.97,25673.35,13.99,41437.86,0.37,12483.02,21794.51,Medium
124279.6,13545.02,2.45,66452.16,0.19,64151.64,11070.59,Low
129464.75,8798.37,2.05,55353.83,0.18,87039.01,4409.63,Low
8481.72,74533.78,53.32,39794.34,0.6,4913.55,43498.52,High
34879.56,69646.54,47.37,40616.65,0.5,2748.12,57746.53,High
49756.36,23397.18,21.43,42115.74,0.49,29273.66,15276.96,Medium
123692.68,2484.29,5.38,64523.72,0.26,70218.67,6191.54,Low
74936.6,26685.35,16.72,48537.12,0.32,22137.38,15402.06,Medium
94609.22,27286.43,22.44,60407.36,0.55,8778.58,27856.66,Medium
123074.5,3744.43,6.66,53222.55,0.25,60316.71,2350.55,Low
56645.23,26583.33,20.38,75214.3,0.3,23987.85,18865.91,Medium
112293.73,13103.36,4.07,53075.79,0.27,87191.62,9662.17,Low
136992.04,3616.26,7.52,66713.4,0.21,66099.53,9014.07,Low
45380.13,44493.48,47.02,46713.91,0.76,5346.79,35550.91,High
88111.45,11843.37,1.86,66969.54,0.21,79317.32,9474.29,Low
148055.89,19410.12,6.92,69192.29,0.25,81257.4,9473.62,Low
49895.99,49426.41,27.52,46091.41,0.47,7977.88,29924.47,High
141661.02,6478.28,5.37,66347.21,0.29,110184.06,8666.87,Low
64036.63,19835.42,18.46,49024.46,0.39,25672.76,12940.13,Medium
110501.09,10933.83,5.1,69751.98,0.21,83619.83,9323.92,Low
23658.29,34921.22,35.21,31122.51,0.68,0.0,45134.2,High
16249.93,59274.17,34.98,47647.76,0.61,8185.45,56549.98,High
41604.6,55793.48,27.84,40622.59,0.71,9555.27,30917.73,High
104817.35,13409.46,7.23,59735.94,0.25,38787.43,11317.7,Low
30445.33,44069.72,54.46,44651.64,0.66,2580.47,55370.05,High
64517.41,28233.7,23.91,48524.91,0.31,8383.04,20134.04,Medium
121637.48,9715.27,11.44,55645.14,0.24,81853.22,10164.44,Low
67261.47,38106.88,18.64,61436.97,0.38,24632.57,30779.99,Medium
117234.71,19547.08,7.77,54488.14,0.24,94522.77,5418.84,Low
121204.6,11399.84,7.61,68831.1,0.25,76977.63,7097.42,Low
83996.92,5000.0,18.63,44842.79,0.41,22609.44,13220.9,Medium
20771.23,66151.22,39.37,43767.62,0.57,2461.88,55277.19,High
57485.77,21019.42,24.27,56330.64,0.42,32761.4,27027.01,Medium
47434.28,39243.59,46.72,42812.91,0.55,5005.41,28312.86,High
28582.73,40478.48,57.69,37760.99,0.68,6005.95,31080.17,High
46788.66,56495.86,46.16,21982.6,0.67,3074.54,36395.62,High
119346.11,14362.29,8.52,56083.51,0.32,73002.57,6157.63,Low
28474.72,36828.67,32.73,54746.84,0.63,4771.28,33066.24,High
34169.11,38527.3,48.97,37026.83,0.57,7320.67,51858.9,High
74685.67,10309.12,15.64,55192.3,0.3,12739.85,5000.0,Medium
31065.62,84382.54,42.0,24318.43,0.59,4040.28,48306.13,High
41488.82,77811.64,41.83,44940.82,0.54,3512.88,42377.66,High
42244.91,58935.04,49.15,35939.16,0.62,2555.94,39673.93,High
113794.66,14448.15,4.08,52808.47,0.22,85531.0,5053.09,Low
81743.11,20881.74,9.92,63959.34,0.54,13179.1,26637.39,Medium
70591.71,15991.57,17.81,55747.98,0.57,19722.01,18257.28,Medium
54669.17,51295.81,46.45,53835.49,0.57,1670.75,55421.91,High
75213.42,35359.88,12.96,50519.58,0.47,26034.94,31472.03,Medium
81460.45,39389.8,14.34,54828.76,0.5,36984.78,28732.61,Medium
66460.45,33562.92,19.93,59711.61,0.43,39948.83,17639.71,Medium
45216.35,55135.55,28.61,33331.15,0.73,5472.04,45146.94,High
15826.51,58757.83,67.02,22454.07,0.78,2953.78,52990.68,High
34679.58,69644.99,25.0,40604.58,0.65,2647.04,35103.49,High
42191.69,50648.62,40.92,35439.03,0.67,3626.95,45490.95,High
27040.11,49315.26,49.94,38130.71,0.55,6343.09,45999.88,High
65115.83,12782.66,11.68,52970.53,0.41,30429.82,28395.37,Medium
53289.3,5000.0,26.08,56481.76,0.28,23239.09,30790.88,Medium
43728.17,52606.5,39.09,44378.3,0.4,7937.78,31842.03,High
79608.14,36697.57,12.97,63512.23,0.43,25596.08,19351.17,Medium
64097.05,20926.29,15.12,49644.15,0.39,22556.44,21608.3,Medium
60425.76,8940.35,27.1,67445.91,0.44,17836.58,13952.79,Medium
38537.71,49414.04,43.32,34312.34,0.69,6497.33,58134.73,High
43739.9,81185.87,46.69,52156.28,0.63,7799.2,40734.0,High
25689.98,68507.32,41.12,50312.11,0.68,2673.18,51188.6,High
61273.27,19570.86,23.9,82325.04,0.35,22457.91,26718.13,Medium
41869.57,47436.88,32.07,53630.01,0.77,3992.66,30603.92,High
74962.77,26638.07,12.8,60989.15,0.56,32632.68,21680.27,Medium
42474.45,57420.33,40.86,41654.36,0.55,4307.64,41653.96,High
91432.87,28943.89,13.66,64832.48,0.42,11445.95,16962.87,Medium
31839.17,64047.94,53.04,45387.58,0.57,4579.17,32705.05,High
104872.99,9981.99,5.67,69531.25,0.22,55176.69,4968.21,Low
90729.7,7449.92,4.76,49902.69,0.25,46296.66,11838.39,Low
55487.08,61824.8,25.0,39663.93,0.67,8088.81,60448.41,High
87918.88,27548.17,19.1,38907.22,0.48,44103.74,28829.51,Medium
33528.6,67614.21,25.0,41356.62,0.56,5445.64,52636.68,High
74825.18,20280.86,18.01,64010.47,0.42,35660.41,10592.07,Medium
66765.86,34563.85,11.25,43869.36,0.28,30465.7,21540.5,Medium
78738.57,31559.4,11.9,56940.38,0.48,24969.57,41174.33,Medium
12142.23,41167.24,39.33,45320.81,0.73,1131.5,51185.56,High
130300.71,3597.85,2.89,66725.74,0.32,82173.32,5682.02,Low
93595.34,15333.37,11.04,55636.14,0.18,91523.11,7778.08,Low
70118.2,34652.87,17.25,70872.93,0.4,15472.67,18798.79,Medium
49146.67,11062.23,33.38,40093.04,0.37,22928.49,22454.39,Medium
147077.45,10733.57,2.09,75986.47,0.2,105870.45,12467.34,Low
55369.51,27327.18,12.08,68105.28,0.47,25586.69,32813.52,Medium
39642.51,42890.41,29.08,39241.04,0.44,10688.37,54606.13,High
30563.93,48313.36,39.92,57200.92,0.64,1504.39,38537.58,High
23430.59,32177.77,27.0,52103.79,0.68,5526.81,27953.78,High
55150.63,28050.48,16.87,67406.57,0.25,24867.45,14879.03,Medium
67313.6,37470.31,25.21,54521.27,0.5,28844.69,12642.92,Medium
59025.52,34508.77,16.41,54560.92,0.35,21953.89,26700.09,Medium
78741.06,29159.22,8.0,42120.06,0.32,22377.55,27183.01,Medium
88438.22,20320.74,14.5,59410.12,0.42,40623.34,19693.29,Medium
120102.27,7778.53,7.75,60207.94,0.17,98001.18,7611.45,Low
56608.19,14541.04,16.69,51912.4,0.51,9421.26,14816.12,Medium
98647.59,3200.72,0.73,44291.24,0.19,73757.08,10046.21,Low
70678.34,25144.13,10.08,33452.28,0.43,17463.52,22631.48,Medium
25632.05,50357.55,45.4,46113.58,0.6,3316.73,33835.49,High
32296.33,65765.39,40.63,38475.46,0.63,582.94,42774.25,High
72583.82,21137.38,17.28,33712.36,0.45,21267.41,13552.03,Medium
68708.95,27911.77,8.0,55947.57,0.48,25453.93,19015.1,Medium
127155.75,7386.38,5.38,63506.3,0.34,85802.13,8555.53,Low
101611.52,4939.48,4.27,56652.25,0.23,105499.36,8123.98,Low
38989.92,73007.11,30.58,34576.72,0.54,5216.87,51368.7,High
134769.33,14178.46,10.05,59724.85,0.22,69356.3,9830.65,Low
26460.67,47031.92,34.08,54884.34,0.58,8571.59,49583.18,High
105392.67,10979.23,3.33,57765.34,0.22,98463.12,6746.27,Low
163796.06,9917.89,3.18,43165.62,0.23,84382.89,9517.9,Low
125619.84,9649.17,1.69,63191.75,0.22,73158.19,6116.8,Low
143585.94,7767.83,9.59,58318.56,0.27,81471.01,4122.12,Low
129838.38,12536.37,2.97,60064.22,0.2,48041.5,5591.53,Low
104554.58,24092.15,20.73,38296.5,0.36,23698.37,28818.71,Medium
40480.67,41925.14,46.33,49964.3,0.72,3965.05,47831.31,High
36380.78,37529.36,25.0,60640.49,0.85,6223.07,35315.16,High
73191.1,24241.41,17.83,52463.39,0.55,22025.77,14380.45,Medium
26233.03,49239.32,35.96,47628.54,0.75,5578.59,40430.08,High
30306.54,59723.12,43.06,33525.26,0.78,5349.52,50382.12,High
77541.17,42359.49,15.56,54305.11,0.36,26995.61,17911.06,Medium
136250.52,16006.07,3.91,67368.44,0.26,66569.81,3456.59,Low
85501.64,7116.14,10.21,59173.19,0.29,78118.19,6249.2,Low
38144.45,56393.4,25.0,30758.78,0.64,3807.35,30806.16,High
37362.24,54356.05,32.95,18455.17,0.7,6410.04,31353.24,High
121547.37,8764.11,3.31,71889.13,0.23,81080.55,9488.6,Low
103834.03,15941.97,10.48,51941.3,0.26,77190.06,5815.18,Low
118543.42,8125.9,4.33,62011.6,0.24,56966.42,10681.09,Low
82349.2,22665.93,19.92,60009.58,0.31,27466.34,30003.54,Medium
104543.5,10571.14,2.98,63319.8,0.23,89382.62,3030.13,Low
63813.79,21557.53,16.0,60480.26,0.25,36734.26,17276.65,Medium
43007.02,24165.04,39.34,42163.74,0.62,169.21,38431.65,High
47009.49,27362.24,14.59,62304.83,0.35,32252.35,18195.04,Medium
113572.28,5008.23,4.09,61085.6,0.25,104389.38,7553.09,Low
68404.94,10569.1,18.56,40612.58,0.27,35960.81,25159.0,Medium
106141.81,15265.76,4.7,52480.31,0.28,67273.57,4774.06,Low
34649.04,71394.87,34.14,32726.27,0.48,10543.6,34263.07,High
27960.84,57229.68,43.02,28227.05,0.46,9762.2,50709.41,High
104142.54,15586.48,0.0,73744.38,0.32,106210.45,14158.92,Low
29838.83,53923.93,44.28,53672.18,0.77,0.0,30126.26,High
43103.4,33047.4,16.76,51876.29,0.47,30730.72,21071.18,Medium
122614.81,19062.24,8.71,65514.85,0.25,77053.0,9939.47,Low
70426.86,38419.02,17.76,39691.81,0.43,28051.4,18212.8,Medium
131215.69,15245.05,3.71,64891.87,0.24,96364.71,9276.33,Low
135741.69,7265.71,11.87,58819.31,0.26,66573.95,9367.71,Low
35257.84,25068.45,18.1,66495.18,0.42,19946.79,30703.54,Medium
108012.5,8033.31,6.61,56661.81,0.26,73636.45,9709.28,Low
56255.19,17115.68,21.33,56793.47,0.42,43335.29,6681.33,Medium
48098.65,54739.5,42.25,35155.6,0.75,11120.4,33502.59,High
70774.91,19936.96,15.15,52541.48,0.48,22816.53,24243.39,Medium
39000.0,56506.44,42.09,44820.36,0.61,7387.59,39723.46,High
18745.08,30969.85,35.48,44019.99,0.81,10947.41,51040.97,High
38994.69,40510.75,38.9,31446.76,0.72,2541.84,59777.2,High
35974.34,56777.47,48.05,33796.72,0.56,7903.8,46779.08,High
41332.25,53667.99,30.74,48132.66,0.55,7571.48,36417.84,High
101243.5,13030.05,5.12,57587.42,0.27,95676.33,5969.01,Low
136450.9,6740.82,3.55,55339.63,0.3,73739.5,8176.95,Low
77073.14,24189.75,21.91,64400.3,0.32,25676.22,24932.4,Medium
77503.61,21093.81,21.29,46189.2,0.4,34120.54,12660.68,Medium
52303.22,53851.16,35.38,32865.41,0.65,3374.68,33263.7,High
47827.95,51999.65,43.17,38977.31,0.64,8755.84,20088.39,High
139372.9,7611.71,4.89,30786.5,0.27,73140.48,10279.14,Low
29447.2,42286.68,36.51,25428.56,0.66,1780.43,32574.99,High
80658.24,17286.4,12.4,63796.65,0.51,14715.27,13246.07,Medium
84375.79,17066.43,21.96,63923.82,0.42,26440.57,19868.86,Medium
29945.1,58700.97,41.89,28338.86,0.69,4065.6,62648.26,High
42532.83,20212.5,17.88,37354.13,0.46,32281.73,25232.92,Medium
117705.27,3602.12,4.39,58311.78,0.28,86949.33,16605.21,Low
81734.4,5462.18,2.93,41334.63,0.2,76175.66,3808.65,Low
120420.08,2572.2,1.06,51088.08,0.27,92212.28,9249.34,Low
57640.97,12998.23,16.92,67345.23,0.4,20297.15,12263.12,Medium
157523.42,8203.54,9.68,64240.61,0.2,100825.07,8234.43,Low
24412.0,46162.08,43.02,50976.56,0.58,6126.08,60745.86,High
136441.2,8725.11,9.15,50006.98,0.21,92722.61,6830.23,Low
60785.15,32529.45,13.97,42353.97,0.45,17592.88,16182.66,Medium
149312.98,1652.97,6.57,72210.34,0.25,82628.17,11600.79,Low
73879.92,28107.01,11.04,53508.57,0.37,25509.19,23317.43,Medium
31145.07,63003.0,47.41,49802.02,0.62,6260.81,45770.79,High
62075.54,15770.46,12.07,51940.64,0.41,14134.6,15495.62,Medium
35784.39,29311.26,31.46,43874.59,0.46,5190.63,43752.82,High
37151.17,17392.71,13.52,50977.07,0.37,22077.75,18840.17,Medium
28943.2,42434.5,34.0,46604.16,0.69,1788.0,32333.68,High
107277.85,43792.61,14.02,50572.73,0.52,28334.41,16904.57,Medium
66407.47,14334.97,23.3,51669.84,0.47,32967.79,30836.53,Medium
89703.06,12221.32,2.09,57410.95,0.28,89187.03,13488.86,Low
72873.66,29112.5,11.13,74640.88,0.37,29927.74,20146.59,Medium
66659.19,29569.44,15.65,66108.07,0.47,22134.04,15056.98,Medium
88312.32,25181.05,12.07,74179.86,0.43,24530.24,29307.47,Medium
27206.25,49661.39,35.77,25808.27,0.64,402.21,47736.6,High
152899.35,7769.08,2.65,59812.91,0.27,93670.44,5848.95,Low
49063.16,26816.28,22.35,35415.82,0.25,42166.6,20908.44,Medium
72677.15,42569.79,12.57,36294.56,0.44,30138.41,23109.31,Medium
162443.12,5120.63,0.0,53459.24,0.18,73012.92,9915.98,Low
115484.47,12716.8,3.28,65820.98,0.26,124778.89,6610.52,Low
17621.95,49066.14,29.18,28503.5,0.63,8505.74,61235.29,High
96042.44,12238.54,7.02,62232.39,0.27,63405.6,4485.04,Low
35430.31,61932.22,40.43,50715.56,0.63,2660.58,38707.66,High
123981.19,6364.31,11.96,53882.31,0.28,76157.3,11510.6,Low
60829.22,27309.82,11.05,71793.84,0.49,16965.68,9474.29,Medium
40637.88,58010.58,41.92,47666.02,0.77,4801.5,35349.54,High
123007.88,19233.54,5.9,62801.61,0.21,72504.05,6308.16,Low
77704.22,12217.02,10.02,67985.35,0.43,32827.66,19240.8,Medium
34420.36,79025.33,41.56,64409.27,0.64,7574.81,41507.38,High
109861.14,11912.05,8.57,60928.45,0.22,62483.31,11690.0,Low
61706.19,32435.28,21.98,63689.64,0.29,28951.82,16224.73,Medium
58692.87,57703.37,41.2,37133.24,0.59,3633.97,63955.07,High
88986.73,1537.68,5.96,64847.33,0.27,84448.63,7732.3,Low
72366.42,20631.67,24.8,41492.95,0.44,23497.12,23999.77,Medium
34553.93,41217.71,39.89,53904.75,0.65,7675.63,28923.59,High
48886.65,65965.19,47.4,47303.43,0.71,3669.71,40297.44,High
126575.02,5750.78,5.72,56329.72,0.24,76955.29,11656.91,Low
29412.04,49125.71,55.3,41012.79,0.51,6577.81,31623.26,High
119755.06,3277.75,9.59,67082.14,0.24,54441.93,10741.31,Low
25668.94,52520.1,52.93,56781.21,0.57,7769.13,29942.52,High
132283.33,6618.04,10.01,58026.62,0.21,85287.57,6764.53,Low
101812.25,12357.34,8.56,45617.22,0.29,91835.85,6163.5,Low
42979.75,62698.04,47.63,42607.85,0.62,9225.86,36717.06,High
17839.67,42069.99,61.09,40019.4,0.67,3645.66,60991.23,High
34256.55,62875.16,37.82,28722.01,0.77,11013.27,48243.46,High
36222.43,50886.36,47.06,30413.97,0.85,3227.54,46031.18,High
63220.76,27459.23,15.62,54444.87,0.52,32186.88,15045.0,Medium
21520.04,45434.53,52.72,39001.23,0.63,6277.73,61776.25,High
35230.81,63220.85,47.03,38604.7,0.71,5554.89,49728.15,High
